iseq,war,campn,engagem,atkr,atk_cmdr,defr,def_cmdr,date,long,lat,dist_att,dist_def,elev_mean_h,elev_min_h,elev_max_h,elev_var_h,elev_sd_h,elev_mean_l,elev_min_l,elev_max_l,elev_var_l,elev_sd_l,a_frontage,d_frontage,soft_ar,tree_ar,river,wet,overcast,temp,unit_ar,unit_cp,unit_dv,unit_rg,amilpert,dmilpert,ffr,afsr,dfsr,frontat,envelop,defoff,surprise,fort,a_tks_to,a_tks_lt,a_tks_mb,a_sortie,a_arty,d_tks_to,d_tks_lt,d_tks_mb,d_sortie,d_arty,a_democ,d_democ,a_prisec,d_prisec,a_coup5,d_coup5,duration,acas_per,dcas_per,ler,ln_ler,a_advance,rtadv
386,WORLD WAR II (NORTH AFRICA 1942-1943),NORTH AFRICA 1942,ALAM HALFA,GER & ITAL PZ ARMY AFRICA,GFM ROMMEL,BR 8TH ARMY,LG MONTGOMERY,1942.666,29.1667,30.6667,2585485.043,2835693.932,54.7223,-299,227,4731.775186,68.7879,37.2963,-475,192,11132.7812,105.512,90,90,0.066207282,0,0,0,0,1,1,0,0,0,124000,120000,1.033333333,1377.777778,1333.333333,0,1,1,0,1,515,NA,NA,NA,558,450,NA,NA,2680,576,0,10,1252,1072,0,0,1.4688,2940,1750,1.68,0.5188,34000,4
387,WORLD WAR II (NORTH AFRICA 1942-1943),NORTH AFRICA 1942,EL ALAMEIN II,BR 8TH ARMY,LG MONTGOMERY,GER & ITAL PZ ARMY,GFM ROMMEL,1942.811,28.9543,30.8225,2814706.519,2565165.746,40.8307,-128,166,3171.67207,56.3176,-52.2048,-714,112,37928.8722,194.7534,61,61,0.022004592,0,0,0,0,1,1,0,0,0,220476,105223,2.095321365,3614.360656,1724.967213,1,0,1,2,1,1037,119,918,11586,908,593,51,542,3120,592,10,0,1072,1252,0,0,13,13560,15995,0.8478,-0.1652,54000,2
391,WORLD WAR II (NORTH AFRICA 1942-1943),TUNISIA 1942,CHOUIGUI PASS,"GER 190TH PZ BN, 10TH PZ DIV (ELMS)(+)",COL BROICH,US 1ST ARMD DIV (ELMS),LCOL WATERS,1942.904,9.8026,36.8813,1752110.659,4838649.15,87.75,74,103,140.9158926,11.8708,92,92,92,0,0,0.6,1.6,0,0,0,0,0,1,0,0,0,1,465,188,2.473404255,775,313.3333333,1,0,1,-2,0,13,0,13,0,0,25,25,0,0,3,0,10,1252,2220,0,0,0.0208,27,21,1.2857,0.2513,28000,0
392,WORLD WAR II (NORTH AFRICA 1942-1943),TUNISIA 1943,EL GUETTAR,GER 10TH PZ DIV(+),GEN BROICH,US 1ST INF DIV(+),MG ALLEN,1943.225,4.95,35.95,1903455.229,4575120.507,1134.1966,810,1757,41027.3127,202.552,1133.0526,899,1490,35502.9415,188.4222,25,25,0,0,0,0,0,1,0,0,1,0,10300,22019,0.467777828,412,880.76,1,0,0,2,0,103,7,96,123,62,75,0,75,NA,124,0,10,1252,2220,0,0,0.2188,450,203,2.2167,0.796,30000,6
393,WORLD WAR II (NORTH AFRICA 1942-1943),TUNISIA 1943,SEDJANNE-BIZERTE,US 9TH INF DIV(+),MG EDDY,GER VON MANTUEFFEL DIV(2/3),LG BULOVIUS,1943.31,9.7233,37.0686,4833318.081,1731918.406,87.9126,-5,435,8354.343884,91.4021,56.9444,-10,271,7416.7614,86.1206,32,32,0,4.56E-07,0,0,0,1,0,0,1,0,24098,5000,4.8196,753.0625,156.25,1,0,0,0,1,94,22,72,75,100,5,0,5,NA,34,10,0,2220,1252,0,0,14,1120,605,1.8512,0.6159,84000,4
394,WORLD WAR II (ITALY 1943-1944),SALERNO,AMPHITHEATER,BR 56TH INF DIV,MG GRAHAM,GER 16TH PZ DIV (ELMS),MG SIKENIUS,1943.69,14.8879,40.6091,1473256.688,1328074.861,28.71,-75,327,3351.969974,57.8962,66.375,-95,281,15983.125,126.4244,13,13,0,0,0,0,0,1,0,0,1,0,12917,4250,3.039294118,993.6153846,326.9230769,1,0,1,1,0,0,0,0,131,138,128,0,128,115,56,10,0,1072,1252,0,0,3,1154,100,11.54,2.4458,32000,1.3
395,WORLD WAR II (ITALY 1943-1944),SALERNO,PORT OF SALERNO,BR 46TH INF DIV,MG HAWKESWORTH,GER 16TH PZ DIV (ELMS),MG SIKENIUS,1943.69,14.7619,40.6816,1462632.341,1319603.156,130.9754,-12,532,19999.95581,141.4212,2.6667,-10,10,121.3333,11.0151,6,6,0,0.034048654,0,0,0,1,0,0,1,0,12917,4250,3.039294118,2152.833333,708.3333333,1,0,1,1,0,0,0,0,131,138,38,0,38,115,46,10,0,1072,1252,0,0,3,1530,120,12.75,2.5455,32000,1.3
396,WORLD WAR II (ITALY 1943-1944),SALERNO,SELE-CALORE CORRIDOR,US 45TH INF DIV,MG MIDDLETON,GER 16TH PZ DIV (ELMS),MG SIKENIUS,1943.696,14.7741,40.7243,5114221.095,1314896.342,360.298,-1,1031,38364.07756,195.8675,81.1667,8,226,7844.1667,88.5673,11,11,0,0.233089802,0,0,0,1,0,0,1,0,12447,8390,1.483551847,1131.545455,762.7272727,1,0,1,1,0,106,17,89,18,82,78,0,78,7,90,10,0,2220,1252,0,0,0.5833,251,60,4.1833,1.4311,30000,3.7
397,WORLD WAR II (ITALY 1943-1944),SALERNO,BATTIPAGLIA I,GER 16TH PZ DIV(-)(+),MG SICKENIUS,BR 56TH IND DIV(+),MG GRAHAM,1943.699,14.983,40.6088,1328445.062,1476293.455,99.375,35,360,8583.133083,92.6452,246.5,212,281,2380.5,48.7904,4.8,4.8,0,0,0,0,0,1,0,0,1,0,14730,11230,1.311665183,3068.75,2339.583333,1,0,0,0,0,89,0,89,112,108,30,0,30,539,146,0,10,1252,1072,0,0,4,1112,1639,0.6785,-0.3879,30000,0.4
398,WORLD WAR II (ITALY 1943-1944),SALERNO,VIETRI,GER HERMANN GOERING PZ DIV(+),MG SCHMALTZ,BR 46TH INF DIV(+),MG HAWKESWORTH,1943.699,14.7281,40.6729,1320464.747,1462365.843,221.9306,-77,978,59640.57548,244.2142,19.2857,-10,112,1722.5714,41.5039,14.5,14.5,0,0.23674038,0,0,0,1,0,0,1,0,15000,12917,1.161260355,1034.482759,890.8275862,1,0,0,0,0,108,0,108,112,164,30,0,30,40,146,0,10,1252,1072,0,0,4,900,1164,0.7732,-0.2572,30000,0.4
399,WORLD WAR II (ITALY 1943-1944),SALERNO,TOBACCO FACTORY,GER 16TH PZ DIV(-)(+),MG SICKENIUS,US 45TH INF DIV(+),MG MIDDLETON,1943.701,15.0116,40.4253,1348932.644,5126215.89,-2.6092,-512,804,43540.24757,208.663,249.6667,-24,468,49256.2667,221.9375,9.7,9.7,0,0,0,0,0,1,0,0,1,0,14733,12691,1.160901426,1518.865979,1308.350515,1,0,0,0,0,98,0,98,24,106,106,17,89,170,112,0,10,1252,2220,0,0,0.4514,702,317,2.2145,0.795,29000,2
400,WORLD WAR II (ITALY 1943-1944),SALERNO,BATTIPAGLIA II,BR 56TH INF DIV(+),MG TEMPLER,GER 26TH PZ DIV (ELMS) & 16TH PZ DIV (ELMS),MG LUETTWITZ,1943.712,14.983,40.6088,1476293.455,1328445.062,91.1789,1,592,9597.591869,97.9673,109,-10,281,14214.4,119.2242,12,12,0,0.000398235,0,0,0,1,0,0,1,0,14730,6995,2.10578985,1227.5,582.9166667,1,0,0,0,0,97,4,93,94,152,58,0,58,31,80,10,0,1072,1252,0,0,2,300,110,2.7273,1.1933,31000,1.2
401,WORLD WAR II (ITALY 1943-1944),SALERNO,EBOLI,US 45TH INF DIV(+),MG MIDDLETON,GER 26TH PZ DIV(+)(-),MG LUETTWITZ,1943.712,15.0588,40.6153,5129587.602,1328006.743,172.2692,30,676,19269.02121,138.8129,207.6667,130,281,5714.3333,75.5932,7.5,7.5,0,0.009466698,0,0,0,1,0,0,1,0,15576,6702,2.324082363,2076.8,893.6,1,0,0,0,0,106,17,89,156,106,59,0,59,10,80,10,0,2220,1252,0,0,2,386,120,3.2167,1.1683,31000,1.2
402,WORLD WAR II (ITALY 1943-1944),SALERNO,VIETRI II,GER HERMANN GOERING PZ DIV(+),MG SCHMALTZ,BR 46TH INF DIV(+),MG HAWKESWORTH,1943.712,14.726,40.6764,1320069.267,1461978.405,229.9215,-77,992,62034.37049,249.067,19.2857,-10,112,1722.5714,41.5039,14.5,14.5,0,0.254426368,0,0,0,1,0,0,1,0,13300,18912,0.703257191,917.2413793,1304.275862,1,0,0,0,0,108,0,108,31,164,96,4,92,33,152,0,10,1252,1072,0,0,2,400,255,1.5686,0.4502,28000,0
403,WORLD WAR II (ITALY 1943-1944),VOLTURNO,GRAZZANISE,BR 7TH ARMD DIV(-),MG ERSKINE,GER 15TH PZ GR DIV(-),MG RODT,1943.781,14.103,41.0907,1404334.2,1272509.98,11.8571,10,13,1.05493441,1.0271,40,40,40,0,0,1.5,1.5,0,0,1,0,0,1,0,0,1,0,14557,8068,1.804288547,9704.666667,5378.666667,0,0,1,0,0,158,3,155,0,68,39,0,39,0,45,10,0,1072,1252,0,0,3,370,80,4.625,1.5315,32000,1.2
404,WORLD WAR II (ITALY 1943-1944),VOLTURNO,CAIAZZO,US 34TH INF DIV(+),MG RYDER,GER 3RD PZ GR DIV(+),MG BAADE,1943.784,14.364,41.1781,5093683.686,1263307.976,155.5949,30,467,9885.688558,99.4268,210.3333,79,503,24342.2667,156.0201,9,9,0,0,1,0,0,1,0,0,1,0,18210,6435,2.82983683,2023.333333,715,0,0,0,0,0,106,17,89,8,104,42,0,42,27,51,10,0,2220,1252,0,0,0.9896,140,52,2.6923,0.9904,30000,1.6
405,WORLD WAR II (ITALY 1943-1944),VOLTURNO,CAPUA,BR 56TH INF DIV(+),BG LYNE,GER HERMANN GOERING PZ DIV(-),MG SCHMALTZ,1943.784,14.2211,41.1008,1407126.511,1271600.636,25.3125,19,31,14.89574025,3.8595,122,122,122,0,0,2,2,0,0,1,0,0,1,0,0,1,0,16857,8000,2.107125,8428.5,4000,0,0,0,0,0,73,1,72,14,160,22,0,22,0,59,10,0,1072,1252,0,0,1,420,94,4.4681,1.497,28000,0
406,WORLD WAR II (ITALY 1943-1944),VOLTURNO,CASTEL VOLTURNO,BR 46TH INF DIV(+),MG HAWKESWORTH,GER 15TH PZ GR DIV(1/2),MG RODT,1943.784,13.9427,41.0339,1404565.418,1278594.683,1.3846,-32,9,21.818241,4.671,-16.2,-85,18,1756.7,41.913,9.6,9.6,0,0,1,0,0,1,0,0,1,0,17765,8158,2.177617063,1850.520833,849.7916667,0,0,1,0,0,51,0,51,55,199,39,0,39,0,45,10,0,1072,1252,0,0,2,500,40,12.5,2.5257,30000,0.8
407,WORLD WAR II (ITALY 1943-1944),VOLTURNO,MONTE ACERO,US 45TH INF DIV(+),MG MIDDLETON,GER 3RD PZ GR DIV(-)(+),MG LUETTWITZ,1943.784,14.9427,41.2591,5126309.088,1256065.357,607.9925,214,903,35829.56837,189.287,608.6667,445,765,20277.8667,142.4004,8,8,0,0,0,0,0,1,0,0,1,0,21265,6435,3.304584305,2658.125,804.375,1,0,0,0,0,106,17,89,0,89,44,0,44,53,43,10,0,2220,1252,0,0,2,133,130,1.0231,0.0228,34000,2.8
408,WORLD WAR II (ITALY 1943-1944),VOLTURNO,TRIFLISCO,US 3RD INF DIV,MG TRUSCOTT,GER HERMANN GOERING PZ DIV(-),MG SCHMALTZ,1943.784,14.2553,41.1367,5087412.884,1267675.415,85.4414,18,402,7154.960569,84.587,184.2,79,354,11184.7,105.7577,9,9,0,0,1,0,0,1,0,0,1,0,18476,7250,2.548413793,2052.888889,805.5555556,0,0,0,1,0,106,17,89,33,113,22,0,22,10,59,10,0,2220,1252,0,0,0.9896,267,76,3.5132,1.2565,31000,2.4
409,WORLD WAR II (ITALY 1943-1944),VOLTURNO,DRAGONI,US 34TH INF DIV(+),MG RYDER,GER 3RD PZ GR DIV(-),MG BAADE,1943.789,14.3036,41.277,5090887.568,1252171.116,182.2258,72,452,14764.7044,121.5101,274,123,425,45602,213.5462,5.2,5.2,0,0.242722713,0,1,1,1,0,0,1,0,17034,5152,3.30628882,3275.769231,990.7692308,1,0,0,0,0,106,17,89,54,101,55,0,NA,116,51,10,0,2220,1252,0,0,3,65,103,0.6311,-0.4603,34000,1.9
410,WORLD WAR II (ITALY 1943-1944),VOLTURNO,CANAL I,BR 7TH ARMD DIV,MG ERSKINE,GER 15TH PZ GR DIV (-),MG RODT,1943.795,14.1068,41.1259,1401219.878,1268599.692,13.8068,4,37,41.97225796,6.4786,63.6667,29,122,2582.3333,50.8167,9,9,0,0,1,1,1,1,0,0,1,0,14600,8138,1.794052593,1622.222222,904.2222222,0,0,0,0,0,158,3,155,0,68,40,0,40,0,45,10,0,1072,1252,0,0,2,125,45,2.7778,1.0217,29000,0.5
411,WORLD WAR II (ITALY 1943-1944),VOLTURNO,MONTE GRANDE (VOLTURNO),BR 56TH INF DIV (ELMS),MG TEMPLER,GER HERMANN GOERING PZ DIV(1/2),MG SCHMALTZ,1943.792,14.239,41.2148,1397266.886,1258953.989,399.9964,68,859,41486.23491,203.6817,235.4,123,365,13200.3,114.8926,9,9,0,0.464170642,0,1,1,1,0,0,1,0,16400,7239,2.265506285,1822.222222,804.3333333,1,0,0,0,0,73,1,72,48,112,22,0,22,0,49,10,0,1072,1252,0,0,2,200,66,3.0303,1.1087,31000,1.2
412,WORLD WAR II (ITALY 1943-1944),VOLTURNO,CANAL II,BR 46TH INF DIV(+),MG HAWKESWORTH,GER 15TH PZ GR DIV(1/2),MG RODT,1943.797,14.1526,41.1317,1402130.961,1268034.12,23.2985,8,50,113.379904,10.648,182,29,365,27561.5,166.0166,9,9,0,0,1,1,1,1,0,0,1,0,17500,8128,2.153051181,1944.444444,903.1111111,0,0,0,0,0,51,0,51,26,168,39,0,39,3,45,10,0,1072,1252,0,0,3,220,138,1.5942,0.4664,32000,1.1
413,WORLD WAR II (ITALY 1943-1944),VOLTURNO,FRANCOLISE,BR 7TH ARMD DIV,MG ERSKINE,GER 15TH PZ GR DIV(1/2),MG RODT,1943.803,14.0574,41.186,1394147.889,1261831.774,63.1591,27,173,789.6605808,28.1009,133,29,365,18503.5,136.0276,6.4,6.4,0,0,0,1,1,1,0,0,1,0,14000,8088,1.730959446,2187.5,1263.75,1,0,0,0,0,158,3,155,0,68,39,0,39,0,45,10,0,1072,1252,0,0,3,75,44,1.7045,0.5333,33000,1.6
414,WORLD WAR II (ITALY 1943-1944),VOLTURNO,SANTA MARIA OLIVETO,US 34TH INF DIV(+),MG RYDER,GER 3RD PZ GR DIV(-)(+),MG BAADE,1943.844,14.0997,41.5219,5081050.002,1224525.78,328.8163,202,562,16301.36526,127.6768,464.5,336,593,33024.5,181.7264,4.8,4.8,0,0.057992245,0,0,0,1,0,0,1,0,16870,6321,2.668881506,3514.583333,1316.875,1,0,1,0,0,106,17,89,83,92,30,0,30,48,41,10,0,2220,1252,0,0,2,416,185,2.2486,0.8103,32000,1.6
415,WORLD WAR II (ITALY 1943-1944),VOLTURNO,MONTE CAMINO I,BR 56TH INF DIV,MG TEMPLER,GER 15TH PZ GR DIV(1/2),MG RODT,1943.847,13.9218,41.3926,1370935.544,1238648.239,350.9892,21,825,61217.00279,247.4207,369,347,391,968,31.1127,5,5,0,0.254073268,0,1,1,1,0,0,1,0,19513,6750,2.890814815,3902.6,1350,1,0,0,0,1,45,1,44,90,160,38,0,38,14,41,10,0,1072,1252,0,0,3,240,33,7.2727,1.9841,33000,1.6
416,WORLD WAR II (ITALY 1943-1944),VOLTURNO,MONTE LUNGO,US 3RD INF DIV,MG TRUSCOTT,GER 3RD PZ GR DIV(1/2),MG BAADE,1943.849,13.9527,41.439,5072358.02,1233524.749,231.3617,42,1018,39265.52292,198.1553,365,345,391,445.3333,21.1029,6,6,0,0.119912327,0,0,0,1,0,0,1,0,16600,6566,2.528175449,2766.666667,1094.333333,1,0,0,0,1,106,17,89,238,110,54,0,54,48,50,10,0,2220,1252,0,0,2,361,142,2.5423,0.9331,32000,1.6
417,WORLD WAR II (ITALY 1943-1944),VOLTURNO,POZZILLI,US 45TH INF DIV,MG MIDDLETON,GER 3RD PZ GR DIV,MG BAADE,1943.849,14.0634,41.5125,5078972.766,1225510.672,431.19,173,865,40575.97865,201.4348,495.1667,336,751,30731.3667,175.3036,8,8,0,0.287652818,0,1,1,1,0,0,1,0,17404,6566,2.650624429,2175.5,820.75,1,0,0,0,1,106,17,89,18,110,54,0,54,146,50,10,0,2220,1252,0,0,2,155,25,6.2,1.8245,29000,0.4
418,WORLD WAR II (ITALY 1943-1944),VOLTURNO,MONTE CAMINO II,GER 15TH PZ GR DIV(1/2),MG RODT,BR 56TH INF DIV(1/3),MG TEMPLER,1943.855,13.9151,41.4012,1237682.724,1369936.524,329.5,223,436,22684.48663,150.6137,369,347,391,968,31.1127,0.5,0.5,0,0,0,1,1,1,0,0,1,0,7942,5200,1.527307692,15884,10400,1,0,0,0,0,40,0,40,19,41,0,0,0,24,112,0,10,1252,1072,0,0,3,34,310,0.1097,-2.2102,29000,0.3
419,WORLD WAR II (ITALY 1943-1944),VOLTURNO,MONTE ROTONDO,US 3RD INF DIV(-),MG TRUSCOTT,GER 3RD PZ GR DIV(1/2),MG BAADE,1943.855,13.8286,41.5163,5065949.783,1224773.521,213.6813,41,664,35610.25637,188.7068,437,101,943,128088,357.8938,4.5,4.5,0,0,0,1,1,1,0,0,1,0,16350,7942,2.058675397,3633.333333,1764.888889,1,0,1,0,1,106,17,89,132,106,42,0,42,58,53,10,0,2220,1252,0,0,3,165,118,1.3983,0.3353,29000,0.3
420,WORLD WAR II (ITALY 1943-1944),VOLTURNO,CALABRITTO,BR 46TH INF DIV(+),MG HAWKESWORTH,GER 15TH PZ GR DIV(-)(+),MG RODT,1943.918,15.2182,40.7863,1467678.118,1309666.286,463.8571,347,733,12633.35536,112.3982,619,619,619,0,0,2,2,0,1,0,1,1,1,0,0,1,0,17765,7588,2.341196626,8882.5,3794,1,0,0,0,1,51,0,51,26,130,12,0,12,0,37,10,0,1072,1252,0,0,0.9792,250,20,12.5,2.5257,29000,0.7
421,WORLD WAR II (ITALY 1943-1944),VOLTURNO,MONTE CAMINO III,BR 56TH INF DIV,MG TEMPLER,GER 15TH PZ GR DIV(1/4),MG RODT,1943.921,13.9412,41.3965,1371195.37,1238239.192,526.6667,248,825,47208.68636,217.2756,391,391,391,0,0,2,2,0,0.467717723,0,1,1,1,0,0,1,0,20744,3288,6.309002433,10372,1644,1,0,1,0,1,0,0,0,156,140,12,0,12,0,34,10,0,1072,1252,0,0,3.5,550,141,3.9007,1.3612,32000,1.2
422,WORLD WAR II (ITALY 1943-1944),VOLTURNO,MONTE MAGGIORE,US 36TH INF DIV(-),MG WALKER,GER 15TH PZ GR DIV(1/4),MG RODT,1943.921,13.9648,41.4747,5073253.846,1229568.335,345,345,345,0,0,345,345,345,0,0,1,1,0,0,0,1,1,1,0,0,1,0,5551,3288,1.688260341,5551,3288,1,0,0,0,1,0,0,0,221,152,12,0,12,0,34,10,0,2220,1252,0,0,1.0208,80,20,4,1.3863,31000,2.4
423,WORLD WAR II (ITALY 1943-1944),ANZIO,APRILIA I,BR 1ST INF DIV,MG PENNEY,GER 3RD PZ GR DIV(1/2)(+),LG GRAESER,1944.068,12.6336,41.5903,1312777.558,1217102.011,67.1751,44,100,141.3055238,11.8872,7.25,1,23,110.9167,10.5317,7,7,0,0,0,1,1,1,0,0,1,0,19350,6750,2.866666667,2764.285714,964.2857143,1,0,0,1,0,71,0,71,0,242,46,0,46,28,66,10,0,1072,1252,0,0,2,1158,130,8.9077,2.1869,33000,2.4
424,WORLD WAR II (ITALY 1943-1944),ANZIO,THE FACTORY,GER 3RD PZ GR DIV,LG GRAESER,BR 1ST INF DIV,MG PENNEY,1944.074,12.6525,41.6086,1215028.892,1311635.073,82.265,50,123,328.7839298,18.1324,9,1,23,148,12.1655,7,7,0,0,0,0,0,0,0,0,1,0,15317,17976,0.852080552,2188.142857,2568,1,0,0,0,0,92,0,92,50,130,71,0,71,33,242,0,10,1252,1072,0,0,1,366,62,5.9032,1.7755,28000,0
425,WORLD WAR II (ITALY 1943-1944),ANZIO,CAMPOLEONE,BR 1ST INF DIV,MG PENNEY,GER 3RD PZ GR DIV,LG GRAESER,1944.079,12.6498,41.6459,1308066.798,1210884.517,122.9348,40,364,3485.957764,59.042,27.5,2,111,1758.3,41.9321,11,11,0,0,0,0,0,0,0,0,1,0,17766,15098,1.176712147,1615.090909,1372.545455,1,0,0,0,0,71,0,71,16,242,92,0,92,30,123,10,0,1072,1252,0,0,0.7847,742,221,3.3575,1.2112,30000,2.3
426,WORLD WAR II (ITALY 1943-1944),ANZIO,CAMPOLEONE COUNTERATTACK,GER 3RD PZ GR DIV(+),LG GRAESER,BR 1ST INF DIV(1/3)(+),MG PENNEY,1944.093,12.6503,41.6467,1210794.536,1308007.19,124.6539,40,364,3641.253512,60.3428,27.5,2,111,1758.3,41.9321,11,11,0,0,0,0,0,1,0,0,1,0,26029,9834,2.646837503,2366.272727,894,0,0,0,0,0,107,0,107,53,222,35,0,35,44,122,0,10,1252,1072,0,0,1.2292,1318,1450,0.909,-0.0954,31000,2
427,WORLD WAR II (ITALY 1943-1944),ANZIO,CARROCETO,GER 3RD PZ GR DIV(+),LG GRAESER,BR 1ST INF DIV,MG PENNEY,1944.104,12.6345,41.5981,1216232.482,1312074.552,72.2313,44,114,270.8789306,16.4584,7.25,1,23,110.9167,10.5317,8,8,0,0,0,0,0,0,0,0,1,0,26490,4515,5.867109635,3311.25,564.375,1,0,1,0,0,107,0,107,18,221,139,0,139,7,82,0,10,1252,1072,0,0,0.8333,341,369,0.9241,-0.0789,29000,1.4
428,WORLD WAR II (ITALY 1943-1944),ANZIO,MOLETTA RIVER DEFENSE,GER 65TH INF DIV(2/3)(+),LG PFEIFFER,US 45TH INF DIV(+),MG EAGLES,1944.104,12.6317,41.5713,1219219.512,4999803.783,71.5,57,77,33.49978641,5.7879,2,1,3,2,1.4142,3.2,3.2,0,0,1,0,0,0,0,0,1,0,7418,5000,1.4836,2318.125,1562.5,0,0,0,0,0,27,0,27,9,58,0,0,0,7,76,0,10,1252,2220,0,0,3,167,107,1.5607,0.4452,32000,1.4
429,WORLD WAR II (ITALY 1943-1944),ANZIO,APRILIA II,GER 3RD PZ GR DIV(+),LG GRAESER,BR 1ST INF DIV(+),MG PENNEY,1944.107,12.6576,41.5747,1218790.443,1314960.78,61,56,67,14.66660209,3.8297,2,1,3,2,1.4142,2,2,0,0,0,0,0,0,0,0,1,0,27518,17730,1.552058658,13759,8865,1,0,0,0,0,113,0,113,0,223,100,0,100,121,226,0,10,1252,1072,0,0,0.5417,270,311,0.8682,-0.1414,29000,0.6
430,WORLD WAR II (ITALY 1943-1944),ANZIO,FACTORY COUNTERATTACK,US 45TH INF DIV(+),MG EAGLES,GER 715TH LT INF DIV(+),LG HILDEBRANDT,1944.115,12.6613,41.596,5001612.919,1216413.63,70.9286,60,80,44.37957924,6.6618,13,3,23,200,14.1421,2,2,0,0,0,1,1,1,0,0,1,0,13400,7077,1.89345768,6700,3538.5,1,0,0,0,1,70,0,70,7,155,28,0,28,0,102,10,0,2220,1252,0,0,0.6042,101,206,0.4903,-0.7128,28000,0
431,WORLD WAR II (ITALY 1943-1944),ANZIO,BOWLING ALLEY,GER 74TH PZ CORPS(-)(+),GEN MACKENSEN,US 45TH INF DIV(+),MG EAGLES,1944.129,12.6652,41.5694,1219365.498,5001652.479,62.1671,36,92,139.2494402,11.8004,10,1,23,121,11,9.6,9.6,0,0,0,0,0,1,0,1,0,0,41974,20496,2.047911788,4372.291667,2135,1,0,1,2,1,201,0,201,335,317,106,17,89,1270,184,0,10,1252,2220,0,0,2.0486,2238,1018,2.1984,0.7877,30000,0.7
432,WORLD WAR II (ITALY 1943-1944),ANZIO,MOLETTA RIVER II,GER 65TH INF DIV(2/3)(+),GEN PFEIFFER,BR 56TH INF DIV(-),MG TEMPLER,1944.129,12.5952,41.5738,1219015.905,1313168.74,57.5345,37,77,87.76129761,9.3681,2,1,3,1,1,4,4,0,0,1,0,0,0,0,0,1,0,21478,9761,2.200389304,5369.5,2440.25,0,0,1,2,1,24,0,24,45,167,59,0,59,58,185,0,10,1252,1072,0,0,4,1451,1693,0.8571,-0.1542,30000,0.5
433,WORLD WAR II (ITALY 1943-1944),ANZIO,FIOCCIA,GER 114TH LT INF DIV(+),LG BOURQUIN,US 45TH INF DIV,MG EAGLES,1944.142,12.6704,41.58,1218176.303,5002011.765,65.9817,41,92,139.736041,11.821,9,1,23,148,12.1655,8,8,0,0,0,1,1,1,0,0,1,0,15637,19613,0.797277316,1954.625,2451.625,1,0,0,0,1,45,0,45,170,164,106,17,89,178,187,0,10,1252,2220,0,0,3,265,403,0.6576,-0.4192,28000,0
434,WORLD WAR II (ITALY 1944),ROME,SANTA MARIA INFANTE,US 88TH INF DIV(+),MG SLOAN,GER 94TH INF DIV(-)(+),MG STEINMETZ,1944.359,13.7421,41.2911,5059759.799,1249759.321,134.7639,7,953,25085.93493,158.3854,141.5,141,142,0.5,0.7071,7.5,7.5,0,0,0,0,0,1,0,0,1,0,18702,9250,2.021837838,2493.6,1233.333333,1,0,0,1,1,249,51,198,109,160,34,0,34,0,123,10,0,2220,1252,0,0,1.0208,531,1035,0.513,-0.6674,30000,1.6
435,WORLD WAR II (ITALY 1944),ROME,SAN MARTINO,US 85TH INF DIV(+),MG COULTER,GER 94TH INF DIV(-),MG STEINMETZ,1944.359,13.7245,41.2627,5058615.848,1252906.686,43.4031,-1,202,1949.363783,44.1516,85.5,3,142,4649.6667,68.1885,5.5,5.5,0,0,0,0,0,1,0,0,1,0,17970,8141,2.207345535,3267.272727,1480.181818,1,0,0,1,1,107,17,90,54,160,21,0,21,0,76,10,0,2220,1252,0,0,0.9792,1974,720,2.7417,1.1986,29000,0.6
436,WORLD WAR II (ITALY 1944),ROME,CASTELLONORATO,US 85TH INF DIV(+),MG COULTER,GER 94TH INF DIV(-)(+),MG STEINMETZ,1944.367,13.6817,41.2826,5056352.804,1250661.272,213.2444,12,957,51321.32307,226.5421,180,141,219,3042,55.1543,5,5,0,0,0,0,0,1,0,0,1,0,16458,7500,2.1944,3291.6,1500,1,0,0,0,1,124,34,90,40,154,21,0,21,0,73,10,0,2220,1252,0,0,0.875,537,442,1.2149,0.1947,30000,2
437,WORLD WAR II (ITALY 1944),ROME,SPIGNO,US 88TH INF DIV(+),MG SLOAN,GER 94TH INF DIV(-)(+),MG STEINMETZ,1944.367,13.7314,41.3053,5059248.652,1248170.251,181.1955,16,953,46837.74625,216.4203,141.5,141,142,0.5,0.7071,5.5,5.5,0,0,0,0,0,1,0,0,1,0,18308,8215,2.228606208,3328.727273,1493.636364,1,0,0,0,0,249,51,198,31,166,40,0,40,0,128,10,0,2220,1252,0,0,0.4583,343,730,0.4699,-0.7553,29000,2.4
438,WORLD WAR II (ITALY 1944),ROME,FORMIA,US 85TH INF DIV(+),MG COULTER,GER 94TH INF DIV(2/3)(+),MG STEINMETZ,1944.373,13.6061,41.2564,5051998.158,1253535.191,67.0678,-1,437,16845.10665,129.7887,174.5,-37,536,71741.6667,267.8463,4,4,0,0,0,0,0,1,0,0,1,0,23190,7627,3.040513964,5797.5,1906.75,1,0,0,0,0,225,68,157,0,159,30,0,30,0,58,10,0,2220,1252,0,0,3,405,721,0.5617,-0.5768,37000,2.9
439,WORLD WAR II (ITALY 1944),ROME,MONTE GRANDE (ROME),US 88TH INF DIV(-)(+),MG SLOAN,GER 94TH INF DIV(-)(+),MG STEINMETZ,1944.375,12.7162,42.2567,5009619.656,1142803.285,311.1953,50,865,37246.91563,192.9946,449.8333,190,606,25111.3667,158.4657,9,9,0,0.417812166,0,0,0,1,0,0,1,0,13095,4563,2.869822485,1455,507,1,0,0,0,0,130,34,96,6,132,23,0,23,0,40,10,0,2220,1252,0,0,1.6458,203,332,0.6114,-0.4919,30000,1.2
440,WORLD WAR II (ITALY 1944),ROME,ITRI-FONDI,US 88TH INF DIV(+),MG SLOAN,GER 94TH INF DIV(-)(+),MG STEINMETZ,1944.384,13.4325,41.3564,5042941.304,1242359.224,103.1923,0,540,18804.30779,137.1288,415.25,188,752,61120.9167,247.2264,6,6,0,0,0,0,0,1,0,0,1,0,17912,6653,2.692319254,2985.333333,1108.833333,1,0,0,0,0,104,28,76,8,126,26,0,26,32,40,10,0,2220,1252,0,0,3,257,380,0.6763,-0.3911,30000,0.6
441,WORLD WAR II (ITALY 1944),ROME,TERRACINA,US 85TH INF DIV(-)(+),MG COULTER,GER 94TH INF DIV(-)(+),MG STEINMETZ,1944.389,13.2489,41.2912,5032347.378,1249651.846,71.4452,-30,595,22958.3407,151.5201,166.4444,-1,428,21351.0278,146.1199,15,15,0,0,0,0,0,1,0,0,1,0,18030,6653,2.710055614,1202,443.5333333,1,0,0,0,0,131,34,97,6,148,26,0,26,0,40,10,0,2220,1252,0,0,1.3542,287,380,0.7553,-0.2807,30000,1.6
442,WORLD WAR II (ITALY 1944),ROME,MOLETTA OFFENSIVE,BR 5TH INF DIV(+),MG GREGSON-ELLIS,GER 4TH PARA DIV,COL TRETTNER,1944.392,12.55,41.5785,1311372.676,1218590.073,22.7987,-42,77,1179.111979,34.3382,-8.2,-48,3,495.7,22.2643,8.5,8.5,0,0,1,1,1,1,0,0,1,0,17345,12569,1.379982497,2040.588235,1478.705882,0,0,1,0,1,35,0,35,16,100,0,0,0,0,92,10,0,1072,1252,0,0,0.8056,234,468,0.5,-0.6931,28000,0
443,WORLD WAR II (ITALY 1944),ROME,ANZIO-ALBANO ROAD,BR 1ST INF DIV(+),MG PENNEY,GER 65TH INF DIV,MG ZIEHLBERG,1944.392,12.6236,41.4802,1322802.652,1229370.364,29.9015,-31,70,732.790314,27.0701,-11,-34,1,397,19.9249,6,6,0,0,0,1,1,1,0,0,1,0,17313,11343,1.526315789,2885.5,1890.5,1,0,1,0,1,36,0,36,35,100,19,0,19,0,96,10,0,1072,1252,0,0,2,194,107,1.8131,0.595,28000,0
444,WORLD WAR II (ITALY 1944),ROME,ANZIO BREAKOUT,US 1ST INF DIV(+),MG HARMON,GER 3RD PZ GR DIV(-)(+),MG BAADE,1944.392,12.6357,41.5538,4999910.333,1221158.409,67.7527,50,85,69.57895396,8.3414,1,1,1,0,0,5.6,5.6,0,0,0,1,1,1,0,0,1,0,22374,12815,1.745922747,3995.357143,2288.392857,1,0,0,2,1,424,152,272,247,152,89,0,89,0,107,10,0,2220,1252,0,0,1.6875,710,1355,0.524,-0.6463,36000,4.8
445,WORLD WAR II (ITALY 1944),ROME,CISTERNA,US 3RD INF DIV(+),MG O'DANIEL,GER 362ND INF DIV (3/5)(+),LG GREINER,1944.392,12.8201,41.5986,5010453.107,1215850.877,87.7273,50,132,559.5164468,23.6541,125.75,21,316,16994.9167,130.3646,7.8,7.8,0,0,0,1,1,1,0,0,1,0,19971,11928,1.674295775,2560.384615,1529.230769,1,0,0,2,1,106,17,89,150,201,49,0,49,0,85,10,0,2220,1252,0,0,1.6667,1524,1617,0.9425,-0.0592,36000,4.8
446,WORLD WAR II (ITALY 1944),ROME,SEZZE,US 85TH INF DIV(+),MG COULTER,GER 29TH PZ GR DIV(1/2),MG FRIES,1944.397,13.0589,41.4986,5023066.137,1226690.95,199.8226,-1,1212,63596.36636,252.1832,302.875,38,572,38560.6964,196.3688,14,14,0,0.006539764,0,0,0,1,0,0,1,0,17925,6957,2.576541613,1280.357143,496.9285714,1,0,0,0,0,110,17,93,8,138,52,0,52,0,88,10,0,2220,1252,0,0,3,162,227,0.7137,-0.3374,44000,5.3
447,WORLD WAR II (ITALY 1944),ROME,VELLETRI,US 1ST ARMD DIV,MG HARMON,GER 362ND INF DIV & 3RD PZ GR DIV(1/8)(+),LG GREINER,1944.4,12.778,41.6913,5008744.774,1205602.263,332.6629,117,862,31300.8987,176.9206,118.5,3,316,9479.1667,97.361,14,14,0,0.190733359,0,0,0,1,0,0,1,0,20683,12327,1.677861605,1477.357143,880.5,1,0,0,-1,1,462,158,304,8,92,65,0,65,0,64,10,0,2220,1252,0,0,0.2708,767,1319,0.5815,-0.5421,29000,1.6
448,WORLD WAR II (ITALY 1944),ROME,CAMPOLEONE,US 45TH INF DIV(+),MG EAGLES,GER 65TH INF DIV,MG ZIEHLBERG,1944.4,12.6499,41.646,5001317.262,1210873.196,120.0506,70,198,858.9061104,29.3071,39.5,3,111,2353,48.5077,6.5,6.5,0,0,0,0,0,1,0,0,1,0,19047,10593,1.7980742,2930.307692,1629.692308,1,0,1,0,1,102,13,89,0,97,19,0,19,0,106,10,0,2220,1252,0,0,3,517,580,0.8914,-0.115,32000,1.1
449,WORLD WAR II (ITALY 1944),ROME,VILLA CROCETTA,US 34TH INF DIV(+),MG RYDER,GER 3RD PZ GR DIV(7/8)(+),MG BAADE,1944.403,12.6976,41.6747,5004163.786,1207589.404,245.7303,133,458,5388.514242,73.4065,39.5,3,111,2353,48.5077,5,5,0,0,0,0,0,1,0,0,1,0,18000,13715,1.312431644,3600,2743,1,0,1,0,1,102,13,89,0,93,71,0,71,0,117,10,0,2220,1252,0,0,2,263,598,0.4398,-0.8214,29000,0.5
450,WORLD WAR II (ITALY 1944),ROME,ARDEA,BR 5TH INF DIV,MG GREGSON-ELLIS,GER 4TH PARA DIV(2/3),COL TRETTNER,1944.406,12.5155,41.6118,1307214.932,1214963.812,20.0743,-35,65,792.0059348,28.1426,-10.5,-48,3,625.6667,25.0133,9,9,0,0,1,0,0,1,0,0,1,0,15557,7659,2.031205118,1728.555556,851,0,0,0,0,1,35,0,35,0,104,0,0,0,0,64,10,0,1072,1252,0,0,3,245,374,0.6551,-0.423,35000,2.1
451,WORLD WAR II (ITALY 1944),ROME,FOSSO DI CAMPOLEONE,US 1ST ARMD DIV & 45TH INF DIV(+),MG HARMON,GER 3RD PZ GR DIV(1/2)(+),MG BAADE,1944.408,12.6125,41.6582,4999322.869,1209591.187,118.8158,29,344,3929.334003,62.6844,27.5,2,111,1758.3,41.9321,11,11,0,0,0,0,0,1,0,0,1,0,29711,15801,1.88032403,2701,1436.454545,1,0,1,0,1,281,77,204,35,146,100,0,100,11,117,10,0,2220,1252,0,0,3,1304,1379,0.9456,-0.0559,31000,0.9
452,WORLD WAR II (ITALY 1944),ROME,LANUVIO,US 34TH INF DIV(-),MG RYDER,GER 3RD PZ GR DIV(1/2),MG BAADE,1944.408,12.6976,41.6747,5004163.786,1207589.404,248.3438,164,364,2837.586361,53.269,67,23,111,3872,62.2254,3,3,0,0,0,0,0,1,0,0,1,0,17300,6108,2.832351015,5766.666667,2036,1,0,1,0,1,0,0,0,371,94,46,0,46,11,61,10,0,2220,1252,0,0,4,825,698,1.1819,0.1672,31000,0.6
453,WORLD WAR II (ITALY 1944),ROME,LARIANO,US 85TH INF DIV(+),MG COULTER,GER HERMANN GOERING PZ DIV(1/3)(+),MG SCHMALTZ,1944.416,12.8316,41.7259,5011963.069,1201667.737,366.7556,260,753,11072.11122,105.2241,177,139,215,2888,53.7401,5,5,0,0.033787667,0,0,0,1,0,0,1,0,22641,13012,1.740009222,4528.2,2602.4,1,0,0,0,0,106,17,89,66,115,30,0,30,1,112,10,0,2220,1252,0,0,1.1042,329,1178,0.2793,-1.2755,31000,2.2
454,WORLD WAR II (ITALY 1944),ROME,VIA ANZIATE,US 45TH INF DIV(+),MG EAGLES,GER 65TH INF DIV(2/3)(+),MG ZIEHLBERG,1944.416,12.6482,41.6426,5001199.657,1211254.785,119.1724,94,151,204.004089,14.283,13,3,23,200,14.1421,4,4,0,0,0,0,0,1,0,0,1,0,23604,19255,1.225863412,5901,4813.75,1,0,1,0,1,156,17,139,38,121,35,0,35,2,202,10,0,2220,1252,0,0,1.2569,316,884,0.3575,-1.0287,29000,0.4
455,WORLD WAR II (ITALY 1944),ROME,VALMONTONE,US 3RD INF DIV(+),MG O'DANIEL,GER HERMANN GOERING PZ DIV(2/3)(+),MG SCHMALTZ,1944.416,12.9179,41.7771,5017118.247,1195849.123,300.9722,239,356,991.0155842,31.4804,249.5,188,311,7564.5,86.9741,5.5,5.5,0,0,0,0,0,1,0,0,1,0,26607,10111,2.631490456,4837.636364,1838.363636,1,0,1,0,0,126,7,119,121,146,31,0,31,0,110,10,0,2220,1252,0,0,1.2917,710,568,1.25,0.2231,32000,2.6
456,WORLD WAR II (ITALY 1944),ROME,TARTO-TIBER,BR 1ST INF DIV & 5TH INF DIV(+),MG PENNEY,GER 4TH PARA DIV,COL TRETTNER,1944.422,12.295,41.7607,1286640.055,1198979.074,3.3657,-26,20,35.21116921,5.9339,-26.5,-103,2,2613.6667,51.124,7,7,0,0,0,0,0,1,0,0,1,0,38011,10855,3.501704284,5430.142857,1550.714286,1,0,0,0,1,71,0,71,3,200,0,0,0,0,125,10,0,1072,1252,0,0,2,572,850,0.6729,-0.3961,33000,2.4
457,WORLD WAR II (ITALY 1944),NORTH ITALIAN,IL GIOGIO PASS,US 85TH INF DIV(+),MG COULTER,GER 12TH PARA RGT,GEN SCHLEMM,1944.701,11.4714,44.0863,4960116.578,944693.2477,807.1552,610,1050,13791.33153,117.4365,645.75,541,744,7052.9167,83.9816,4,4,0,1,0,0,0,1,0,0,1,0,15721,3700,4.248918919,3930.25,925,1,0,0,0,1,70,17,53,100,145,0,0,0,0,29,10,0,2220,1252,0,0,5,560,560,1,0,32000,0.8
458,WORLD WAR II (EUROPEAN THEATER),NORMANDY,ST. LO,US 29TH INF DIV(+),MG GERHARDT,GER 352ND INF DIV (ELMS) & 3RD PARA DIV (ELMS),GEN MEINDL,1944.526,01.09,49.1156,4494887.415,783632.0072,121.4811,27,151,901.860961,30.031,108.6667,64,138,536.25,23.1571,12,12,0,0,0,0,1,1,0,0,1,0,18228,7500,2.4304,1519,625,1,0,1,0,1,107,17,90,33,120,23,0,23,3,84,10,0,2220,1252,0,0,8,2777,2350,1.1817,0.167,36000,1
459,WORLD WAR II (EUROPEAN THEATER),NORMANDY,OPERATION GOODWOOD,BR 2ND ARMY,LG DEMPSEY,GER 86TH CORPS(+),GEN EBERBACH,1944.545,-0.2943,49.123,265635.8454,851540.1161,47.2262,1,135,824.5282532,28.7146,51.0714,19,118,923.456,30.3884,21,21,0,0,0,0,0,1,1,0,0,0,118000,28000,4.214285714,5619.047619,1333.333333,1,0,0,1,1,1277,189,1088,4500,720,219,0,219,25,292,10,0,1072,1252,0,0,2.5,5537,7500,0.7383,-0.3035,36000,3.2
460,WORLD WAR II (EUROPEAN THEATER),NORMANDY,OPERATION COBRA,US 7TH CORPS,MG COLLINS,GER 84TH CORPS(-) & 2ND PARA CORPS(-),LG CHOLITZ,1944.562,-1.108,49.1112,4376513.527,892912.4878,71.2883,17,138,648.0130272,25.4561,91.8333,55,130,782.1667,27.9672,11,11,0,0,0,0,0,1,0,1,0,0,126000,30700,4.104234528,11454.54545,2790.909091,1,0,0,0,1,650,176,474,800,792,62,0,62,0,318,10,0,2220,1252,0,0,3,1510,5000,0.302,-1.1973,45000,5.6
461,WORLD WAR II (EUROPEAN THEATER),NORMANDY BREAKOUT,MORTAIN,GER 47TH PZ CORPS,GEN FUNCK,US 30TH INF DIV(+),MG HOBBS,1944.6,-0.9386,48.6467,907752.6668,4372495.702,198.7828,93,307,5222.186866,72.2647,199.6667,150,273,1653.8667,40.6678,9,9,0,0,0,0,0,1,0,1,0,0,25497,27673,0.921367398,2833,3074.777778,1,0,1,2,0,120,0,120,NA,218,340,118,222,100,192,0,10,1252,2220,0,0,5.9993,4800,2673,1.7957,0.5854,38000,1.7
462,WORLD WAR II (EUROPEAN THEATER),LE MANS TO METZ,CHARTRES,US 7TH ARMD DIV,MG SILVESTER,GER 1ST ARMY(-),GEN CHEVALLERIE,1944.625,1.4835,48.4441,4497829.35,804173.622,147.6667,130,159,67.38603921,8.2089,145.5,143,148,12.5,3.5355,5,5,0,0,0,0,0,1,0,0,1,0,15646,8325,1.879399399,3129.2,1665,0,0,0,0,0,317,78,239,0,146,15,0,15,0,76,10,0,2220,1252,0,0,1,113,579,0.1952,-1.6339,34000,6
464,WORLD WAR II (EUROPEAN THEATER),LE MANS TO METZ,SEINE RIVER,US 20TH CORPS,MG WALKER,GER 1ST ARMY(-),GEN CHEVALLERIE,1944.644,2.6603,48.5415,4564039.37,744487.3296,94.3574,32,149,463.6787022,21.5332,93.6154,41,141,571.5587,23.9073,45,45,0,0.098087183,1,1,1,1,0,1,0,0,40619,15000,2.707933333,902.6444444,333.3333333,0,0,0,0,0,472,137,335,73,296,38,0,38,0,80,10,0,2220,1252,0,0,3,234,906,0.2583,-1.3537,66000,12.7
465,WORLD WAR II (EUROPEAN THEATER),LE MANS TO METZ,MOSELLE-METZ,US 20TH CORPS,MG WALKER,GER 1ST ARMY(-),GEN KNOBELSDORF,1944.682,6.0598,49.0469,4761190.868,562912.4782,243.3252,164,373,2798.73799,52.9031,244.625,191,319,1456.5167,38.1643,25,25,0,0,1,1,1,1,0,1,0,0,59631,41500,1.436891566,2385.24,1660,0,0,1,0,0,585,154,431,338,520,160,0,160,0,248,10,0,2220,1252,0,0,6,1647,1700,0.9688,-0.0317,60000,5.3
466,WORLD WAR II (EUROPEAN THEATER),LE MANS TO METZ,METZ,US 20TH CORPS,MG WALKER,GER 1ST ARMY(-),GEN KNOBELSDORF,1944.701,6.1728,49.116,4769130.209,553060.5308,233.4885,156,368,2745.560884,52.3981,239.1765,186,303,1194.2794,34.5583,25,25,0,0,0,1,1,1,0,1,0,0,60794,39580,1.535977767,2431.76,1583.2,0,0,0,0,1,472,137,335,30,296,88,0,88,0,248,10,0,2220,1252,0,0,1,359,210,1.7095,0.5362,28000,0
467,WORLD WAR II (EUROPEAN THEATER),NORTHWEST EUROPE 1944,ARRACOURT,GER 111TH & 113TH PZ BDES(+),GEN KRUEGER,"US COMBAT COMMAND 'A', 4TH ARMD DIV(+)",MG WOOD,1944.718,6.5357,48.7244,570001.227,4778578.484,253.477,207,315,618.521874,24.8701,258.1667,238,286,432.9667,20.8079,10.4,10.4,0,0,0,1,1,1,0,0,0,1,7500,4800,1.5625,721.1538462,461.5384615,1,0,1,0,0,126,0,126,0,12,122,35,87,130,48,0,10,1252,2220,0,0,0.8924,779,119,6.5462,1.8789,28000,0
468,WORLD WAR II (EUROPEAN THEATER),AACHEN,WESTWALL,US 19TH CORPS,MG CORLETT,GER 81ST CORPS,GEN KOECHLING,1944.753,6.1452,50.6459,4811125.394,455167.0171,394.9401,261,583,7686.78288,87.6743,398.2857,276,503,7549.9048,86.8902,12.5,12.5,0,0.882608104,1,1,1,1,0,1,0,0,32283,19632,1.64440709,2582.64,1570.56,0,0,1,0,1,312,NA,NA,NA,234,63,0,63,79,116,10,0,2220,1252,0,0,2.7118,1477,3616,0.4085,-0.8954,32000,1.3
469,WORLD WAR II (EUROPEAN THEATER),NORTHWEST EUROPE 1944,SCHMIDT,US 28TH INF DIV(+),MG COTA,GER 74TH CORPS(-),GEN STRAUBE,1944.838,6.3743,50.6477,4823452.26,443772.7512,418.3003,254,565,5978.18137,77.3187,339.3333,225,431,7613.4667,87.2552,9.5,9.5,0,0.797855268,1,1,1,1,0,1,0,0,20493,20250,1.012,2157.157895,2131.578947,0,0,1,0,1,91,17,74,NA,162,66,0,66,NA,107,10,0,2220,1252,0,0,12,3683,3000,1.2277,0.2051,33000,0.4
470,WORLD WAR II (EUROPEAN THEATER),SAAR (LORRAINE),SEILLE-NIED,US 12TH CORPS,MG EDDY,GER 84TH CORPS(-)(+),GEN BALCK,1944.855,6.6476,48.932,4789979.353,548809.0726,251.3262,181,396,1031.27046,32.1134,266.6458,204,323,650.7017,25.5089,48,48,0,0.013262986,1,1,1,0,0,1,0,0,99583,23588,4.221765304,2074.645833,491.4166667,0,0,1,1,1,764,199,565,52,543,71,NA,NA,0,99,10,0,2220,1252,0,0,5,4265,4880,0.874,-0.1347,42000,2.8
473,WORLD WAR II (EUROPEAN THEATER),SAAR (LORRAINE),MORHANGE-FAULQUEMONT,US 12TH CORPS,MG EDDY,GER 13TH SS PZ CORPS(-)(+),LG PRIESS,1944.869,6.5996,49.0417,4790246.18,541862.2792,256.4617,166,396,1294.617969,35.9808,258.9811,192,323,669.6727,25.878,49,49,0,0.014848355,0,1,1,0,0,1,0,0,92393,28382,3.25533789,1885.571429,579.2244898,1,0,1,0,1,524,161,363,0,515,63,0,63,0,169,10,0,2220,1252,0,0,4,3223,2665,1.2094,0.1901,35000,1.7
475,WORLD WAR II (EUROPEAN THEATER),SAAR (LORRAINE),SARRE-ST. AVOLD,US 12TH CORPS,MG EDDY,GER 13TH SS PZ CORPS(-)(+),LG SIMON,1944.888,6.7087,49.1014,4797717.103,532865.7182,256.9637,156,418,1704.187011,41.2818,267.4286,186,336,1034.537,32.1642,64,64,0,0.047653542,0,0,1,0,0,1,0,0,88941,32396,2.745431535,1389.703125,506.1875,1,0,1,0,0,642,160,482,20,519,66,0,66,0,207,10,0,2220,1252,0,0,8,3279,4942,0.6635,-0.4102,50000,2.7
479,WORLD WAR II (EUROPEAN THEATER),SAAR (LORRAINE),DURSTEL-FAERBERSVILLER,US 12TH CORPS,MG EDDY,GER 13TH SS PZ CORPS (-)(+),LG SIMON,1944.91,7.1974,48.8915,4818699.071,531683.1232,275.5431,156,540,2953.802931,54.3489,291.7458,185,666,6188.9515,78.6699,51.2,51.2,0,0.284566948,0,1,1,0,0,1,0,0,90078,30712,2.932990362,1759.335938,599.84375,1,0,1,0,0,624,176,448,0,543,75,0,75,0,456,10,0,2220,1252,0,0,2,482,811,0.5943,-0.5203,30000,1
481,WORLD WAR II (EUROPEAN THEATER),SAAR (LORRAINE),SARRE-SINGLING,US 12TH CORPS,MG EDDY,GER 13TH SS PZ CORPS(-)(+),LG SIMON,1944.932,7.2226,49.0467,4824081.724,517756.7372,293.2256,199,413,2248.504659,47.4184,302.4333,234,453,1700.5989,41.2383,32,32,0,0.262309033,0,0,1,1,0,1,0,0,89977,31501,2.856322022,2811.78125,984.40625,1,0,0,0,0,624,176,448,19,565,42,0,42,0,193,10,0,2220,1252,0,0,2,835,1774,0.4707,-0.7536,34000,2.8
483,WORLD WAR II (EUROPEAN THEATER),ARDENNES,SAUER RIVER,GER 212TH VOLKSGRENADIER DIV,MG SENSFUSS,"US 12TH INF RGT, 4TH INF DIV(+)",MG BARTON,1944.959,6.4272,49.8163,491642.0959,4802024.346,303.5837,163,423,3499.432336,59.156,307.625,265,350,868.2679,29.4664,14.5,14.5,0,0.247040344,1,1,1,0,0,0,1,0,10000,8634,1.158211721,689.6551724,595.4482759,0,0,0,2,0,4,0,4,0,68,40,20,20,0,60,0,10,1252,2220,0,0,2,268,134,2,0.6931,35000,3.2
484,WORLD WAR II (EUROPEAN THEATER),ARDENNES,ST. VITH,GER 66TH CORPS(-),GEN LUCHT,"US COMBAT COMMAND 'B', 7TH ARMD DIV(+)",BG HASBROUCK,1944.962,6.0448,50.2946,479113.1371,4795251.02,501.6148,392,594,1883.794367,43.4027,488.8889,446,525,563.6111,23.7405,12,12,0,0.377983177,0,1,1,0,0,1,0,0,87000,19996,4.350870174,7250,1666.333333,1,0,0,0,0,251,0,251,0,94,152,40,112,0,108,0,10,1252,2220,0,0,6,4306,1731,2.4876,0.9113,58000,5
485,WORLD WAR II (EUROPEAN THEATER),ARDENNES,BASTOGNE,GER 67TH PZ CORPS (ELMS),GEN VON LUETTWITZ,US 10TH ARMD DIV(-)(+),COL ROBERTS,1944.964,5.7215,50.0055,511466.1343,4769453.548,499.5198,413,541,661.672729,25.723,480,450,500,437.5,20.9165,12,12,0,0.04458621,0,1,1,0,0,1,0,0,36678,4849,7.564033821,3056.5,404.0833333,1,0,0,0,0,359,0,359,0,313,152,47,105,0,18,0,10,1252,2220,0,0,3,3000,1151,2.6064,0.958,43000,5
486,WORLD WAR II,FRANCE 1940,SEDAN-MEUSE RIVER,GER 19TH PZ CORPS,GEN GUDERIAN,FR 2ND ARMY(+),GEN BILLOTTE,1940.364,5.0412,49.6974,561978.261,176837.3756,220.8316,151,359,2767.191337,52.6041,235,200,300,1750,41.833,9,9,0,0.106770338,1,0,0,1,1,0,0,0,48000,60000,0.8,5333.333333,6666.666667,0,0,1,2,0,600,450,150,2000,202,200,155,45,150,192,0,10,1252,1396,0,0,2,800,5000,0.16,-1.8326,38000,5
487,WORLD WAR II,MALAYA 1941,JITRA,JAP 5TH INF DIV(-),LG MATSUI,BR 11TH INDIAN DIV,MG MURRAY-LYON,1941.948,100.4271,6.2663,3939296.09,7529206.633,35.8133,4,269,2933.229776,54.1593,106.3333,91,122,240.3333,15.5027,8,8,0.360113385,0,0,1,1,2,0,0,1,0,7000,12000,0.583333333,875,1500,1,0,0,1,0,40,20,20,100,52,0,0,0,0,56,4,0,1899,1072,0,0,0.625,600,1200,0.5,-0.6931,35000,11
488,"WORLD WAR II, EASTERN FRONT",BARBAROSSA,ROVNO,GER 1ST PZ GROUP,GEN VON KLEIST,SOV SOUTHWESTERN AG(-),GEN KIRPONOS,1941.474,26.2385,50.6111,744518.1214,852852.4766,215.2419,161,331,899.0462528,29.9841,215.6289,177,287,613.0275,24.7594,65,65,0.020170687,0.010848949,0,0,0,1,1,0,0,0,132000,150000,0.88,2030.769231,2307.692308,1,0,1,3,0,765,215,550,1200,366,852,420,432,450,324,0,0,1252,1951,0,0,5,3960,88000,0.045,-3.1011,148000,24
489,"WORLD WAR II, EASTERN FRONT",TYPHOON,DEFENSE OF MOSCOW,GER AG CENTER,FM VON BOCK,SOV WESTERN AG(+),MARSHAL STALIN,1941.748,36.987,55.6151,1356499.335,37321.39498,173.4655,44,345,1999.037752,44.7106,178.4155,30,310,1939.777,44.0429,700,700,0.077799343,0.475304109,0,0,0,0,1,0,0,0,1100000,1372000,0.801749271,1571.428571,1960,1,0,1,0,1,1800,NA,NA,NA,5746,950,NA,NA,NA,6678,0,0,1252,1951,0,0,65,253000,885000,0.2859,-1.2522,386000,5.5
490,"WORLD WAR II, EASTERN FRONT",MOSCOW COUNTEROFFENSIVE,MOSCOW COUNTEROFFENSIVE,SOV KALININ AG(+),MARSHAL STALIN,GER AG CENTER,FM VON BOCK,1941.929,38.1588,54.8659,103467.2415,1401748.973,165.6223,3,345,2029.592601,45.051,164.7244,3,310,1920.7756,43.8267,1060,1060,0.087004799,0.388075726,0,0,0,0,1,0,0,0,1060300,880000,1.204886364,1000.283019,830.1886792,1,0,0,2,0,667,NA,NA,NA,3440,850,NA,NA,NA,2050,0,0,1951,1252,0,0,34,139000,85300,1.6295,0.4883,171000,4.2
491,"WORLD WAR II, EASTERN FRONT",THE RZEHW OPERATION,POGORELOYE GORODISHCHE,SOV 20TH COMBINED ARMS ARMY,GEN REYTER,GER 9TH ARMY,GEN MODEL,1942.592,34.9379,56.1439,154395.725,1264087.066,207.4464,150,250,278.2057203,16.6795,212.037,175,244,351.6524,18.7524,36,36,0.001191602,0.425914172,0,0,0,1,1,0,0,0,54180,12035,4.501869547,1505,334.3055556,1,0,1,1,1,539,NA,NA,NA,876,258,NA,NA,NA,366,0,0,1951,1252,0,0,4.8889,21327,6534,3.264,1.183,62000,6.8
492,"WORLD WAR II, EASTERN FRONT",LENINGRAD,LENINGRAD (OPERATION SPARK),SOV 2ND ASSAULT ARMY(+),GEN ROMANOVSKIY,GER 18TH ARMY(-),GEN LINDEMANN,1943.033,29.0596,59.6512,643654.9572,1178495.293,128.483,61,165,532.0126772,23.0654,135.2857,109,150,236.5714,15.3809,13,13,0.662496736,0.884351297,0,1,1,0,1,0,0,0,120000,30000,4,9230.769231,2307.692308,1,0,1,0,1,316,90,226,350,1173,20,0,20,140,182,0,0,1951,1252,0,0,7,28000,4150,6.747,1.9091,35000,1
493,"WORLD WAR II, EASTERN FRONT",KURSK (CITADEL),OBOYAN-KURSK (PHASE I),GER 48TH PZ CORPS,GEN KNOBELSDORFF,SOV 6TH GUARDS ARMY,GEN CHISTYAKOV,1943.507,36.0971,50.8903,1275302.211,547641.2377,193.3668,150,246,426.2407994,20.6456,171.8571,152,198,231.8095,15.2253,16,16,0,0,0,0,0,1,0,1,0,0,62000,45000,1.377777778,3875,2812.5,1,0,0,0,1,320,NA,NA,NA,410,55,NA,NA,NA,1180,0,0,1252,1951,0,0,3,1364,5680,0.2401,-1.4265,41000,4.3
494,"WORLD WAR II, EASTERN FRONT",KURSK (CITADEL),OPERATION CITADEL (SOUTHERN SECTOR),GER 4TH PZ ARMY,GEN HOTH,SOV 6TH & 7TH GDS ARMIES,LG CHISTYAKOV,1943.51,36.277,50.8009,1286654.438,556065.3885,202.2497,145,248,374.5927994,19.3544,177.4444,152,213,364.2778,19.0861,30,30,0,0,0,1,1,1,1,0,0,0,140000,75000,1.866666667,4666.666667,2500,1,0,1,0,0,868,NA,NA,900,470,155,NA,NA,837,2115,0,0,1252,1951,0,0,1,3180,4900,0.649,-0.4324,36000,8
495,"WORLD WAR II, EASTERN FRONT",KURSK (CITADEL),OBOYAN-KURSK (PHASE II),GER 48TH PZ CORPS,GEN KNOBELSDORFF,SOV 6TH GDS ARMY(+),GEN CHISTYAKOV,1943.515,36.1873,51.1567,1276415.98,517567.087,185.8208,149,240,472.9146116,21.7466,180.5714,152,213,402.2857,20.0571,20,20,0,0,0,0,0,1,0,1,0,0,60000,149000,0.402684564,3000,7450,1,0,1,0,1,280,NA,NA,NA,375,450,NA,NA,NA,1600,0,0,1252,1951,0,0,4,3500,25800,0.1357,-1.9976,51000,5.7
496,"WORLD WAR II, EASTERN FRONT",KURSK (CITADEL),OBOYAN-KURSK (PHASE III),GER 48TH PZ CORPS,GEN KNOBELSDORFF,SOV 6TH GDS ARMY(+),GEN CHISTYAKOV,1943.526,36.1522,51.224,1273607.911,510467.9084,202.3186,148,259,884.848313,29.7464,188.5556,152,213,404.7778,20.1191,25,25,0,0,0,0,1,1,0,1,0,0,56000,129000,0.434108527,2240,5160,1,0,1,0,1,205,NA,NA,NA,323,310,NA,NA,NA,1490,0,0,1252,1951,0,0,5,2900,30200,0.096,-2.3431,31000,0.6
497,"WORLD WAR II, EASTERN FRONT",KURSK (CITADEL),PROKHOROVKA,SOV STEPPE ARMY GROUP,GEN KONEV,GER 2ND SS PZ CORPS,GEN HAUSSER,1943.529,36.6689,51.0185,529489.3844,1304913.284,216.6781,153,254,406.9579982,20.1732,198.6667,152,244,762.5238,27.6138,25,25,0,0,0,0,0,1,0,1,0,0,78000,82300,0.947752126,3120,3292,1,0,1,0,0,650,NA,NA,NA,1380,505,NA,NA,NA,419,0,0,1951,1252,0,0,2,5700,5100,1.1176,0.1112,28000,0
498,"WORLD WAR II, EASTERN FRONT",KURSK COUNTEROFFENSIVE,KURSK COUNTEROFFENSIVE (SOUTHERN SECTOR),SOV VORONEZH AG(+),GEN VATUTIN,GER 4TH PZ ARMY(+),GEN HOTH,1943.589,36.7372,50.6271,572535.9754,1314946.699,175.5805,30,272,1342.284424,36.6372,176.5613,120,244,926.7695,30.4429,250,250,0.00417327,0.010161092,0,0,0,1,1,0,0,0,980600,280000,3.502142857,3922.4,1120,1,0,1,0,1,2293,NA,NA,NA,6220,600,NA,NA,NA,1600,0,0,1951,1252,0,0,21,117700,39500,2.9797,1.0918,175000,7
500,"WORLD WAR II, EASTERN FRONT",RACE TO THE DNIEPER,MELITOPOL,SOV 4TH UKRANIAN AG,GEN TOLBUKHIN,GER 6TH FIELD ARMY,GEN HOLLIDT,1943.737,35.3182,46.8365,1000576.495,1373267.476,40.5432,-176,168,1995.82882,44.6747,58.6983,-10,187,1505.9516,38.8066,111,111,0.005160165,0,1,0,0,1,1,0,0,0,524724,210000,2.498685714,4727.243243,1891.891892,1,0,1,0,1,778,NA,NA,NA,3450,300,NA,NA,NA,1300,0,0,1951,1252,0,0,41,79000,36500,2.1644,0.7721,348000,7.8
501,"WORLD WAR II, EASTERN FRONT",UKRANIAN CAMPAIGN,KORSUN-SCHEVCHENKOVSKIY,SOV FIRST UKRAINIAN AG(+),GEN VATUTIN,GER 1ST PZ ARMY(-)(+),GEN STEMMERMAN,1944.066,31.2558,49.4158,788788.6904,1051211.784,158.3206,68,270,2246.7126,47.3995,155.7964,72,251,1986.0099,44.5647,180,180,0.043075956,0.041183859,0,1,1,0,1,0,0,0,254950,84500,3.017159763,1416.388889,469.4444444,0,0,1,0,1,451,NA,NA,15290,2650,229,NA,NA,NA,828,0,0,1951,1252,0,0,25,63500,68000,0.9338,-0.0685,173000,5.8
502,"WORLD WAR II, EASTERN FRONT",DNIEPER BRIDGEHEAD,NIKOPOL BRIDGEHEAD,SOV 109TH RIFLE DIV(+),?,GER 335TH INF DIV(+),?,1944.085,34.4027,47.5529,929917.2399,1292180.804,23.9962,11,74,260.7934308,16.1491,30,10,50,333.3333,18.2574,12,12,0,0,1,1,1,0,0,0,1,0,25100,8230,3.04981774,2091.666667,685.8333333,1,0,0,0,1,6,0,6,NA,201,0,0,0,NA,44,0,0,1951,1252,0,0,6,610,480,1.2708,0.2397,34000,1
503,"WORLD WAR II, EASTERN FRONT",CRIMEA 1944,SEVASTOPOL,SOV 4TH UKRANIAN AG,GEN TOLBUKHIN,GER 17TH FIELD ARMY,GEN ALLMENDINGER,1944.342,33.5392,44.6063,1261163.748,1424729.363,99.688,-125,557,16371.84226,127.9525,-33.9048,-108,14,2260.2905,47.5425,25,25,0,0.088488025,0,0,0,1,1,0,0,0,397607,72000,5.522319444,15904.28,2880,1,0,0,0,1,490,NA,NA,NA,3890,50,NA,NA,NA,1050,0,0,1951,1252,0,0,5,35500,48500,0.732,-0.312,46000,3.5
504,"WORLD WAR II, EASTERN FRONT",BYELORUSSIAN OFFENSIVE,BEREZINA RIVER,SOV 3RD GDS MECH CORPS,LG OBUKHOV,GER 299TH INF DIV(+),?,1944.482,28.5677,54.2081,531250.4827,864064.6857,163.9838,148,193,160.9168361,12.6853,168.2857,157,183,76.5714,8.7505,10,10,0.296094634,0.604354692,0,0,0,1,0,1,0,0,16100,8500,1.894117647,1610,850,1,0,0,0,0,196,NA,NA,NA,215,15,NA,NA,NA,82,0,0,1951,1252,0,0,5,670,4795,0.1397,-1.9681,188000,32
505,"WORLD WAR II, EASTERN FRONT",LIBERATION OF E POLAND,LVOV-SANDOMIERZ,SOV 1ST UKRAINIAN AG,MARSHAL KONEV,GER AG NORTHERN UKRAINE,GEN HARPE,1944.531,21.7502,50.6822,1047233.179,506805.6947,275.3251,55,2365,38966.32572,197.3989,280.3071,64,1816,36207.9077,190.2838,440,440,0.097485186,0.200027584,0,0,0,1,1,0,0,0,1200000,900000,1.333333333,2727.272727,2045.454545,1,0,1,1,0,1979,NA,NA,30366,11265,900,NA,NA,NA,4800,0,0,1951,1252,0,0,17,37400,198000,0.1889,-1.6666,348000,18.8
506,"WORLD WAR II, EASTERN FRONT",THE LVOV-SANDOMIERZ OPERATION,BRODY (PHASE I),SOV 15TH RIFLE CORPS,MG TERTISHNIY,GER 913TH INF RGT(+),?,1944.534,25.23,50.0783,934291.9789,711350.7854,240.6107,225,252,42.23960064,6.4992,263.75,228,300,1172.25,34.2381,5.5,5.5,0,0,0,0,0,1,0,1,0,0,39000,3300,11.81818182,7090.909091,600,1,0,1,0,0,34,NA,NA,139,730,0,0,0,NA,44,0,0,1951,1252,0,0,0.6979,980,720,1.3611,0.3083,34000,8
507,"WORLD WAR II, EASTERN FRONT",THE LVOV-SANDOMIERZ OPERATION,BRODY (PHASE II),SOV 15TH RIFLE CORPS,MG TERTISHNIY,GER 349TH INF DIV(+),?,1944.537,25.1336,50.1166,935387.9026,704766.8209,224.8652,212,252,95.74426801,9.7849,228.6667,228,230,1.3333,1.1547,7,7,0.339645166,0,0,0,0,1,0,1,0,0,38500,12900,2.984496124,5500,1842.857143,1,0,1,0,0,55,NA,NA,3288,718,103,NA,NA,NA,103,0,0,1951,1252,0,0,0.75,1750,490,3.5714,1.273,34000,7
508,"WORLD WAR II, EASTERN FRONT",POLAND 1944,"VISTULA RIVER, CROSSING, PHASE I",SOV 91ST RIFLE CORPS,MG VOLKOV,"GER 171ST, 214TH & 26TH INF DIVS",?,1944.575,21.1252,52.2122,998016.9384,430390.0502,86.2642,75,106,55.69189129,7.4627,94.6667,81,108,88.2667,9.395,10,10,0.014686308,0,1,0,0,1,0,1,0,0,12700,5100,2.490196078,1270,510,0,0,1,0,0,0,0,0,NA,205,12,NA,NA,NA,78,0,0,1951,1252,0,0,3,1150,320,3.5938,1.2792,32000,1.3
509,"WORLD WAR II, EASTERN FRONT",POLAND 1944,"VISTULA RIVER, PULAWY, PHASE II",SOV 91ST RIFLE CORPS,MG VOLKOV,"GER 171ST, 214TH & 17TH INF DIVS",?,1944.586,21.9693,51.4164,994864.1058,491540.811,140.1202,112,208,390.7817312,19.7682,156.3333,124,183,458.6667,21.4165,12,12,0,0,0,0,0,1,0,1,0,0,17550,6400,2.7421875,1462.5,533.3333333,1,0,1,0,0,34,NA,NA,NA,308,24,NA,NA,NA,156,0,0,1951,1252,0,0,6,3040,785,3.8726,1.3539,31000,0.4
510,"WORLD WAR II, EASTERN FRONT",ROMANIA 1944,YASSY-KISHINEV OPERATION,SOV 2ND AG(+),GEN MALINOVSKY,GER & ROM AG SOUTHERN UKRAINE,GEN FRIESSNER,1944.636,28.8485,47.0403,1085234.165,1053285.173,236.4689,-1165,2412,94206.76153,306.9312,259.8808,-108,1950,91910.8529,303.168,590,590,0.025190284,0.132658696,0,0,0,1,1,0,0,0,1250000,800000,1.5625,2118.644068,1355.932203,0,0,1,1,0,1428,NA,NA,NA,10469,400,NA,NA,NA,5320,0,0,1951,1252,0,0,10,135000,690000,0.1957,-1.6314,353000,32.5
511,"WORLD WAR II, EASTERN FRONT",LIBERATION OF W POLAND,VISTULA-ODER,SOV 1ST BYELORUSSIAN AG(+),MARSHAL ZHUKOV,GER AG 'A',GFM HARPE,1945.033,16.1044,52.4274,1252320.412,149926.6223,123.6891,-89,1494,13761.80033,117.3107,131.3779,-55,1162,13476.9861,116.0904,480,480,0.0124097,0.160672223,0,0,0,0,1,0,0,0,2200000,560000,3.928571429,4583.333333,1166.666667,1,0,1,0,0,4230,NA,NA,NA,17990,1200,NA,NA,NA,3050,0,0,1951,1252,0,0,23,46900,147400,0.3182,-1.1451,511000,21
512,"WORLD WAR II, EASTERN FRONT",EAST PRUSSIA 1945,EAST PRUSSIA,SOV 2ND BYELORUSSIAN AG(+),MARSHAL ROKOSSOVSKIY,GER AG CENTER,GEN REINHARDT,1945.036,20.6262,54.675,952276.2461,467707.2403,51.5344,-170,308,7848.861398,88.5938,64.1056,-177,259,6930.2689,83.2482,500,500,0.036715349,0.086675157,0,1,1,0,1,0,0,0,1220000,780000,1.564102564,2440,1560,1,0,1,0,1,2035,NA,NA,NA,15540,700,NA,NA,NA,5740,0,0,1951,1252,0,0,19,112000,126000,0.8889,-0.1178,154000,6.6
513,"WORLD WAR II, EASTERN FRONT",RUSSIAN WINTER OFFENSIVE 1945,CIECHANOW (PHASE I),SOV 90TH RIFLE DIV,GEN LYASHCHENKO,GER 7TH INF DIV,?,1945.038,20.6198,52.8815,997620.0218,402974.1187,115.375,110,120,13.71665296,3.7036,120,120,120,0,0,2,2,0,0,0,1,1,0,0,0,1,0,10800,3100,3.483870968,5400,1550,1,0,1,0,1,73,NA,NA,NA,420,12,NA,NA,NA,78,0,0,1951,1252,0,0,1,685,145,4.7241,1.5527,32000,4
514,"WORLD WAR II, EASTERN FRONT",RUSSIAN WINTER OFFENSIVE 1945,CIECHANOW (PHASE II),SOV 90TH RIFLE DIV,GEN LYASHCHENKO,GER 7TH INF DIV,?,1945.041,20.5945,52.8915,998598.5598,401687.2202,116.3235,110,121,5.01356881,2.2391,119.5,119,120,0.5,0.7071,2.5,2.5,0,0,0,1,1,0,0,0,1,0,12115,3900,3.106410256,4846,1560,1,0,1,0,1,190,NA,NA,NA,414,32,NA,NA,NA,84,0,0,1951,1252,0,0,1,850,230,3.6957,1.3072,32000,4
515,"WORLD WAR II, EASTERN FRONT",BERLIN 1945,SEELOW HEIGHTS,SOV 57TH GDS RIFLE DIV(+),MG ZALIZYUK,GER 303RD INF RGT(+),?,1945.29,14.4013,52.5369,1339864.603,54848.69917,18.3333,5,50,270.9513524,16.4606,12,11,13,2,1.4142,2,2,0,0,0,0,0,1,0,0,1,0,13600,3710,3.665768194,6800,1855,1,0,0,0,1,78,NA,NA,160,233,5,NA,NA,30,26,0,0,1951,1252,0,0,2,474,150,3.16,1.1506,31000,1.5
516,"WORLD WAR II, EASTERN FRONT",MANCHURIA 1945,MUTANKIANG,SOV 5TH COMBINED ARMS ARMY,COL GEN KRYLOV,JAP 5TH ARMY,GEN SELICHI,1945.605,129.7007,44.5138,5276810.443,1131461.836,330.3276,229,529,4415.456311,66.4489,674.5,412,1067,58647.5,242.1725,12,12,0,0,1,1,1,1,1,0,0,0,147000,75000,1.96,12250,6250,0,0,0,1,1,770,NA,NA,800,1786,105,105,0,120,584,0,4,1951,1899,0,0,8,10000,36000,0.2778,-1.2809,188000,20
517,"WORLD WAR II (PACIFIC, 1943-1945)",CENTRAL PACIFIC,TARAWA-BETIO,US 2ND MAR DIV(-),MG SMITH,JAP GILBERT ISLANDS GARRISON FORCE(-),ADM SHIBASAKI,1943.888,173.1537,1.3603,14538883.91,4248762.187,4.4,-1,7,11.79991201,3.4351,-233,-233,-233,0,0,1.2,1.2,0,0,0,0,0,1,0,0,1,0,9000,4836,1.861042184,7500,4030,1,0,1,0,1,46,0,46,NA,278,14,14,0,0,53,10,4,2220,1899,0,0,2.0139,3302,4836,0.6828,-0.3816,29000,0.2
518,"WORLD WAR II (PACIFIC, 1943-1945)",BONIN ISLANDS,IWO JIMA - INTO THE MAIN DEFENSES,US 5TH AMPH CORPS,MG SCHMIDT,JAP 2ND IND MIXED BDE(+),GEN KURIBAYASHI,1945.14,141.3134,24.7635,12254700.41,1218631.21,-107.4068,-456,112,40475.84683,201.1861,-269,-313,-181,3552,59.5987,4.7,4.7,0,0,0,0,0,1,0,0,0,1,33915,18300,1.853278689,7215.957447,3893.617021,1,0,1,0,1,144,0,144,300,474,40,10,30,10,59,10,4,2220,1899,0,0,5,6845,15615,0.4384,-0.8247,34000,1.2
519,"WORLD WAR II (PACIFIC, 1943-1945)",BONIN ISLANDS,IWO JIMA - SURIBACHI,US 28TH MAR RGT,COL LIVERSEDGE,JAP 2ND IND MIXED BDE(-)(+),GEN KURIBAYASHI,1945.14,141.2889,24.7517,12253516.74,1219846.029,-49.6667,-181,16,12936.33264,113.738,-235,-289,-181,5832,76.3675,0.8,0.8,0,0,0,0,0,1,0,0,0,1,3200,1600,2,4000,2000,1,0,0,0,1,23,0,23,40,330,0,0,0,10,30,10,4,2220,1899,0,0,5,510,1231,0.4143,-0.8812,29000,0.2
520,"WORLD WAR II (PACIFIC, 1943-1945)",BONIN ISLANDS,IWO JIMA - FINAL PHASE,US 3RD MAR DIV(+),GEN SMITH,JAP CHICHI JIMA DEFENSE FORCE,GEN KURIBAYASHI,1945.192,141.3215,24.7889,12254784.89,1215842.782,97.5333,42,112,332.693952,18.2399,-301,-313,-289,288,16.9706,1.8,1.8,0,0,0,0,0,1,0,0,1,0,32000,2685,11.91806331,17777.77778,1491.666667,1,0,0,0,1,144,0,144,175,804,40,10,30,0,120,10,4,2220,1899,0,0,6,3885,2685,1.4469,0.3694,30000,0.2
521,"WORLD WAR II, OKINAWA",OKINAWA (US 7TH INF DIV SECTOR),ADVANCE FROM THE BEACHHEAD,US 7TH INF DIV(+),MG ARNOLD,JAP 1ST SPEC ESTAB RGT,LCOL AOYANAGI,1945.252,127.7578,26.3478,11484067.18,1235621.176,29.9167,6,57,219.9022068,14.8291,-70.5,-217,76,42924.5,207.1823,1.6,1.6,0,0,0,0,0,1,0,0,1,0,22888,1400,16.34857143,14305,875,1,0,0,0,0,134,73,61,395,95,0,0,0,0,0,10,4,2220,1899,0,0,3,158,628,0.2516,-1.3799,38000,3.4
522,"WORLD WAR II, OKINAWA",OKINAWA (US 7TH INF DIV SECTOR),ADVANCE THROUGH THE OUTPOSTS,US 7TH INF DIV(+),MG ARNOLD,JAP 62ND DIV(-),LG FUJIOKA,1945.26,127.77,26.3158,11485174.97,1238252.382,42,-13,97,1518.14654,38.9634,30,30,30,0,0,2.2,2.2,0,0,0,0,1,1,0,0,1,0,18398,2900,6.344137931,8362.727273,1318.181818,1,0,0,0,1,134,73,61,158,173,0,0,0,0,32,10,4,2220,1899,0,0,4,286,2120,0.1349,-2.0032,32000,0.8
523,"WORLD WAR II, OKINAWA",OKINAWA (US 7TH INF DIV SECTOR),TOMB HILL-OUKI,US 7TH INF DIV(+),MG ARNOLD,JAP 11TH IND INF BN(+),LG FUJIOKA,1945.271,127.778,26.2348,11486719.74,1245616.774,29.3636,-2,124,1395.926516,37.3621,-7,-7,-7,0,0,2.6,2.6,0,0,0,1,1,1,0,0,1,0,18111,4731,3.828154724,6965.769231,1819.615385,1,0,1,0,1,151,73,78,123,221,0,0,0,0,32,10,4,2220,1899,0,0,3,466,1278,0.3646,-1.0089,29000,0.1
524,"WORLD WAR II, OKINAWA",OKINAWA (US 7TH INF DIV SECTOR),SKYLINE RIDGE-ROCKY CRAGS,US 7TH INF DIV(+),MG ARNOLD,JAP 11TH IND INF BN(+),LG FUJIOKA,1945.299,127.7561,26.2162,11485764.26,1248018.15,31.0313,-2,98,907.7084352,30.1282,-9.5,-12,-7,12.5,3.5355,3.4,3.4,0,0,0,0,0,1,0,0,1,0,16291,2600,6.265769231,4791.470588,764.7058824,1,0,1,0,1,125,56,69,526,221,0,0,0,0,38,10,4,2220,1899,0,0,5,740,1661,0.4455,-0.8085,30000,0.3
525,"WORLD WAR II, OKINAWA",OKINAWA (US 7TH INF DIV SECTOR),KOCHI RIDGE-ONAGA I,US 7TH INF DIV(+),MG ARNOLD,JAP 22ND INF RGT,LCOL YOSHIDA,1945.315,127.7393,26.2345,11484586.09,1246800.208,84.1818,24,125,592.5280956,24.3419,-9.5,-12,-7,12.5,3.5355,3,3,0,0,0,1,1,1,0,0,1,0,14594,5000,2.9188,4864.666667,1666.666667,0,0,0,0,1,126,56,70,125,203,0,0,0,0,40,10,4,2220,1899,0,0,3,269,1324,0.2032,-1.5937,28000,0
526,"WORLD WAR II, OKINAWA",OKINAWA (US 7TH INF DIV SECTOR),KOCHI RIDGE-ONAGA II,US 7TH INF DIV(+),MG ARNOLD,JAP 22ND INF RGT,LCOL YOSHIDA,1945.323,127.74,26.2387,11484567.39,1246384.876,85.5714,27,109,505.8001,22.49,-29.5,-129,30,4751,68.9275,3,3,0,0,0,0,0,1,0,0,1,0,15986,4500,3.552444444,5328.666667,1500,0,1,0,0,1,123,56,67,129,226,0,0,0,0,40,10,4,2220,1899,0,0,2,182,814,0.2236,-1.498,28000,0
527,"WORLD WAR II, OKINAWA",OKINAWA (US 7TH INF DIV SECTOR),KOCHI RIDGE-ONAGA III,US 7TH INF DIV(+),MG ARNOLD,JAP 22ND INF RGT(+),LCOL YOSHIDA,1945.329,127.7392,26.2354,11484568.27,1246718.677,84.1176,24,125,574.7143182,23.9732,-9.5,-12,-7,12.5,3.5355,3,3,0,0,0,0,0,1,0,0,1,0,15764,4050,3.892345679,5254.666667,1350,0,0,1,0,1,126,70,56,269,329,0,0,0,0,40,10,4,2220,1899,0,0,4,398,2276,0.1749,-1.7437,29000,0.1
528,"WORLD WAR II, OKINAWA",OKINAWA (US 7TH INF DIV SECTOR),JAPANESE COUNTERATTACK,JAP 24TH DIV(-),LG AMAMIYA,US 7TH INF DIV(+),MG ARNOLD,1945.34,127.7382,26.2311,1247152.393,11484571.78,85.5714,27,106,785.4959129,28.0267,-9.5,-12,-7,12.5,3.5355,1.8,1.8,0,0,0,0,0,1,0,0,1,0,6850,15350,0.446254072,3805.555556,8527.777778,1,0,0,0,0,0,0,0,NA,60,140,73,67,175,198,4,10,1899,2220,0,0,2,3704,339,10.9263,2.3912,28000,0
529,"WORLD WAR II, OKINAWA",OKINAWA (US 7TH INF DIV SECTOR),KOCHI RIDGE IV,US 7TH INF DIV(+),MG ARNOLD,JAP 24TH DIV(-),LG AMAMIYA,1945.345,127.7391,26.234,11484581.87,1246853.142,94.6667,69,106,247.4675072,15.7311,-9.5,-12,-7,12.5,3.5355,2.2,2.2,0,0,0,1,1,1,0,0,1,0,15109,5140,2.939494163,6867.727273,2336.363636,1,0,0,0,1,140,73,67,173,209,0,0,0,0,30,10,4,2220,1899,0,0,2,114,1464,0.0779,-2.5527,30000,0.7
530,"WORLD WAR II, OKINAWA",OKINAWA (US 7TH INF DIV SECTOR),SHURI ENVELOPMENT (PHASE I),US 7TH INF DIV(+),MG ARNOLD,JAP 3RD SPEC ESTAB RGT(+),LG USHIJIMA,1945.389,127.6977,26.2151,11482553.42,1249865.586,34.4576,-55,125,1754.28621,41.8842,-61.5,-111,-12,4900.5,70.0036,3.6,3.6,0,0,0,1,1,1,0,0,1,0,16043,3338,4.80617136,4456.388889,927.2222222,0,1,0,3,0,0,0,0,21,50,0,0,0,0,2,10,4,2220,1899,0,0,2,170,478,0.3556,-1.0338,29000,0.5
531,"WORLD WAR II, OKINAWA",OKINAWA (US 7TH INF DIV SECTOR),JAPANESE COUNTERATTACKS,JAP 24TH DIV(-),LG AMAMIYA,US 7TH INF DIV(+),MG ARNOLD,1945.395,127.707,26.2152,1249578.062,11483065.76,46.8846,8,106,744.5858264,27.2871,-12,-12,-12,0,0,3.6,3.6,0,0,0,1,1,1,0,0,1,0,4000,15777,0.253533625,1111.111111,4382.5,1,0,0,2,0,0,0,0,0,8,0,0,0,43,157,4,10,1899,2220,0,0,0.625,1269,241,5.2656,1.6612,28000,0
532,"WORLD WAR II, OKINAWA",OKINAWA (US 7TH INF DIV SECTOR),SHURI ENVELOPMENT (PHASE II),US 7TH INF DIV(+),MG ARNOLD,JAP 24TH DIV(-)(+),LG AMAMIYA,1945.4,127.7,26.2048,11482821.47,1250763.895,26.0625,-25,108,1019.869773,31.9354,-61.5,-111,-12,4900.5,70.0036,4,4,0,0,0,1,1,1,0,0,1,0,15840,3000,5.28,3960,750,1,0,0,0,1,0,0,0,0,171,0,0,0,0,24,10,4,2220,1899,0,0,2,124,434,0.2857,-1.2528,29000,0.5
533,"WORLD WAR II, OKINAWA",OKINAWA (US 7TH INF DIV SECTOR),SHURI ENVELOPMENT (PHASE III),US 7TH INF DIV(+),MG ARNOLD,JAP 24TH DIV(-)(+),LG AMAMIYA,1945.408,127.6975,26.2059,11482668.32,1250735.329,28.4667,-25,108,977.437696,31.264,-61.5,-111,-12,4900.5,70.0036,4,4,0,0,0,1,1,1,0,0,1,0,15205,2600,5.848076923,3801.25,650,1,0,0,0,1,79,17,62,47,150,0,0,0,0,3,10,4,2220,1899,0,0,3,182,2564,0.071,-2.6453,29000,0.3
534,"WORLD WAR II, OKINAWA",OKINAWA (US 7TH INF DIV SECTOR),HILL 95-I,US 7TH INF DIV(+),MG ARNOLD,JAP 44TH IND MIXED BDE(-),LG USHIJIMA,1945.43,127.7061,26.2098,11483089.96,1250112.035,46.8125,11,108,951.3214923,30.8435,-12,-12,-12,0,0,2.5,2.5,0,0,0,0,0,1,0,0,1,0,16091,3500,4.597428571,6436.4,1400,1,0,0,0,1,122,44,78,98,129,0,0,0,0,12,10,4,2220,1899,0,0,3,193,1222,0.1579,-1.8456,30000,0.5
535,"WORLD WAR II, OKINAWA",OKINAWA (US 7TH INF DIV SECTOR),HILL 95-II,US 7TH INF DIV(+),MG ARNOLD,JAP 44TH IND MIXED BDE,LG USHIJIMA,1945.438,127.7051,26.2117,11483008.71,1249963.508,45.0667,16,94,759.4929692,27.5589,-12,-12,-12,0,0,2,2,0,0,0,0,0,1,0,0,1,0,16002,2500,6.4008,8001,1250,1,0,0,0,1,122,44,78,53,180,0,0,0,0,12,10,4,2220,1899,0,0,3,248,1470,0.1687,-1.7796,29000,0.3
536,"WORLD WAR II, OKINAWA",OKINAWA (US 7TH INF DIV SECTOR),YAEJU-DAKE,US 7TH INF DIV(+),MG ARNOLD,JAP 44TH IND MIXED BDE(-),LG USHIJIMA,1945.447,127.7199,26.1268,11484992.04,1257506.475,104.6,47,139,979.5397658,31.2976,45,45,45,0,0,1.5,1.5,0,0,0,0,0,1,0,0,1,0,5237,2500,2.0948,3491.333333,1666.666667,1,0,0,0,1,40,14,26,0,53,0,0,0,0,6,10,4,2220,1899,0,0,1,48,2401,0.02,-3.9124,29000,0.3
537,"WORLD WAR II, OKINAWA",OKINAWA (US 7TH INF DIV SECTOR),HILLS 153 AND 115,US 7TH INF DIV(+),MG ARNOLD,JAP 44TH IND MIXED BDE(-),LG USHIJIMA,1945.455,127.7091,26.1266,11484398.29,1257845.937,79.1818,33,139,1403.678676,37.4657,45,45,45,0,0,3,3,0,0,0,0,0,1,0,0,1,0,15808,2000,7.904,5269.333333,666.6666667,1,0,0,0,1,109,39,70,27,141,0,0,0,0,6,10,4,2220,1899,0,0,3,317,1971,0.1608,-1.8274,29000,0.3
538,"WORLD WAR II, OKINAWA",OKINAWA (US 96TH INF DIV SECTOR),ADVANCE FROM THE BEACH,US 96TH DIV(+),MG BRADLEY,JAP 1ST SPEC EST RGT(-),LCOL AOYANAGI,1945.252,127.751,26.3415,11483776.83,1236415.761,28.5161,-71,111,2282.02067,47.7705,-60,-217,76,18668.6667,136.6333,5,5,0,0,0,0,0,1,0,0,1,0,19082,2000,9.541,3816.4,400,1,0,0,0,0,138,77,61,395,95,0,0,0,0,0,10,4,2220,1899,0,0,3,282,1588,0.1776,-1.7283,35000,2.2
539,"WORLD WAR II, OKINAWA",OKINAWA (US 96TH INF DIV SECTOR),ADVANCE TO SHURI LINE OUTPOSTS,US 96TH DIV(+),MG BRADLEY,JAP 12TH IND INF BN(-)(+),LG FUJIOKA,1945.26,127.7545,26.2774,11484840.69,1242318.495,49.6833,-13,110,1956.629062,44.2338,-49.5,-129,30,12640.5,112.43,4,4,0,0,0,0,1,1,0,0,1,0,18388,2900,6.340689655,4597,725,1,0,0,0,1,74,18,56,315,174,0,0,0,0,32,10,4,2220,1899,0,0,4,555,2470,0.2247,-1.493,30000,0.4
540,"WORLD WAR II, OKINAWA",OKINAWA (US 96TH INF DIV SECTOR),KAKAZU AND TOMBSTONE RIDGES,US 96TH DIV(+),MG BRADLEY,JAP 12TH IND INF BN(+),LG FUJIOKA,1945.271,127.7327,26.2496,11484015.34,1245579.966,63.76,-26,105,1129.275862,33.6047,-29.5,-129,30,4751,68.9275,3.8,3.8,0,0,0,1,1,1,0,0,1,0,21247,3000,7.082333333,5591.315789,789.4736842,1,0,1,0,1,0,0,0,166,246,0,0,0,0,32,10,4,2220,1899,0,0,4,1079,2468,0.4372,-0.8274,29000,0.1
541,"WORLD WAR II, OKINAWA",OKINAWA (US 96TH INF DIV SECTOR),NISHIBARU RIDGE-TANABARU ESCARPMENT,US 96TH DIV(+),MG BRADLEY,JAP 12TH IND INF BN(+),LG FUJIOKA,1945.299,127.7528,26.2063,11485717.45,1249047.236,34.7143,6,70,460.9909585,21.4707,-9.5,-12,-7,12.5,3.5355,2.3,2.3,0,0,0,0,0,1,0,0,1,0,17163,3000,5.721,7462.173913,1304.347826,1,0,0,0,1,100,26,74,637,228,0,0,0,0,34,10,4,2220,1899,0,0,5,879,2860,0.3073,-1.1798,30000,0.3
542,"WORLD WAR II, OKINAWA",OKINAWA (US 96TH INF DIV SECTOR),MAEDA ESCARPMENT,US 96TH DIV(+),MG BRADLEY,JAP 62ND DIV(-)(+),LG FUJIOKA,1945.318,127.7257,26.2349,11483829.37,1247169.259,91.3,56,106,355.1227181,18.8447,-12,-12,-12,0,0,2.1,2.1,0,0,0,1,1,1,0,0,1,0,18095,3900,4.63974359,8616.666667,1857.142857,1,0,1,0,1,97,31,66,225,200,0,0,0,0,36,10,4,2220,1899,0,0,4,479,3810,0.1257,-2.0737,30000,0.4
543,"WORLD WAR II, OKINAWA",OKINAWA (US 96TH INF DIV SECTOR),ATTACK ON SHURI LINE'S EASTERN FLANK I,US 96TH DIV(+),MG BRADLEY,JAP 24TH INF DIV(-)(+),LG AMAMIYA,1945.359,127.7532,26.2052,11485754.61,1249138.745,30.2667,-2,70,453.0682532,21.2854,-9.5,-12,-7,12.5,3.5355,2.3,2.3,0,0,0,0,0,1,0,0,1,0,19714,5284,3.730885693,8571.304348,2297.391304,1,0,1,0,1,121,45,76,162,157,0,0,0,0,34,10,4,2220,1899,0,0,3,502,4038,0.1243,-2.0849,29000,0.3
544,"WORLD WAR II, OKINAWA",OKINAWA (US 96TH INF DIV SECTOR),ATTACK ON SHURI LINE'S EASTERN FLANK II,US 96TH DIV(+),MG BRADLEY,JAP 24TH INF DIV(-)(+),LG AMAMIYA,1945.367,127.7465,26.2015,11485435.18,1249686.274,36.9706,-2,105,639.786436,25.294,-9.5,-12,-7,12.5,3.5355,2.5,2.5,0,0,0,0,0,1,0,0,1,0,20973,4757,4.408871137,8389.2,1902.8,1,0,0,0,1,129,59,70,240,210,0,0,0,0,34,10,4,2220,1899,0,0,5,590,4328,0.1363,-1.9927,29000,0.1
545,"WORLD WAR II, OKINAWA",OKINAWA (US 96TH INF DIV SECTOR),ATTACK ON SHURI LINE'S EASTERN FLANK III,US 96TH DIV(+),MG BRADLEY,JAP 24TH INF DIV(+),LG AMAMIYA,1945.384,127.7475,26.2092,11485385,1248932.57,44.6563,-2,125,1207.201127,34.7448,-9.5,-12,-7,12.5,3.5355,2.9,2.9,0,0,0,1,1,1,0,0,1,0,19658,4227,4.650579607,6778.62069,1457.586207,0,1,0,0,1,140,73,67,45,183,0,0,0,0,34,10,4,2220,1899,0,0,2,313,3022,0.1036,-2.2675,29000,0.5
546,"WORLD WAR II, OKINAWA",OKINAWA (US 96TH INF DIV SECTOR),ADVANCE TO YUZA-DAKE/YAEJU-DAKE ESCARPMENT,US 96TH DIV(+),MG BRADLEY,JAP 24TH INF DIV(-),LG AMAMIYA,1945.43,127.7422,26.1711,11485614.51,1252673.728,55.65,15,107,591.2921723,24.3165,-0.75,-29,45,1018.9167,31.9205,3,3,0,0,0,0,0,1,0,0,1,0,18777,4000,4.69425,6259,1333.333333,1,0,0,0,1,113,46,67,151,177,0,0,0,0,21,10,4,2220,1899,0,0,4,112,798,0.1404,-1.9636,30000,0.5
547,"WORLD WAR II, OKINAWA",OKINAWA (US 96TH INF DIV SECTOR),ATTACK ON YUZA-DAKE/YAEJU-DAKE ESCARPMENT,US 96TH DIV(+),MG BRADLEY,JAP 24TH INF DIV(-),LG AMAMIYA,1945.441,127.7232,26.13,11485130.22,1257107.179,87.1429,37,139,1644.28628,40.5498,8,-29,45,2738,52.3259,3,3,0,0,0,0,1,1,0,0,1,0,18660,4250,4.390588235,6220,1416.666667,1,0,0,0,1,117,50,67,0,172,0,0,0,0,11,10,4,2220,1899,0,0,2,88,1006,0.0875,-2.4364,29000,0.3
548,"WORLD WAR II, OKINAWA",OKINAWA (US 96TH INF DIV SECTOR),CAPTURE OF YUZA-DAKE/YAEJU-DAKE ESCARPMENT,US 96TH DIV(+),MG BRADLEY,JAP 44TH IND MIXED BDE(-)(+),LG USHIJIMA,1945.447,127.7158,26.129,11484735.28,1257421.016,79.5,33,139,1728.996193,41.5812,45,45,45,0,0,3,3,0,0,0,0,0,1,0,0,1,0,19047,3250,5.860615385,6349,1083.333333,1,0,0,0,1,115,50,65,76,206,0,0,0,0,5,10,4,2220,1899,0,0,6,576,3200,0.18,-1.7148,30000,0.3
602,WORLD WAR II,NORTHWEST AFRICA,SIDI BOU ZID I,GER ELMS 10TH AND 21ST PNZR DIV,GEN ZIEGLER,"US CCA, 1ST ARM DIV (+)",BG MCQUILLION,1943.123,9.48,34.8796,1975542.12,4836199.766,386.0704,277,682,4615.272922,67.9358,358.1875,203,467,5334.6958,73.039,22,22,0,0,0,0,0,0,0,0,1,0,6400,5333,1.200075005,290.9090909,242.4090909,0,0,1,2,0,135,0,135,180,35,69,16,53,0,47,0,10,1252,2220,0,0,1,20,920,0.0217,-3.8286,44000,16
603,WORLD WAR II,NORTHWEST AFRICA,SIDI BOU ZID II,"US CC C, 1ST ARMD DIV",COL STACK,GER ELMS 10TH AND 21ST PD,GEN ZIEGLER,1943.126,9.4535,34.9099,4834420.41,1972354.405,337.9833,317,375,227.6085169,15.0867,383,378,388,50,7.0711,4,4,0,0,0,0,1,0,0,0,1,0,2738,8380,0.32673031,684.5,2095,1,0,1,0,0,66,0,66,0,26,135,0,135,125,35,10,0,2220,1252,0,0,1,367,50,7.34,1.9933,28000,0
604,WORLD WAR II,NORTHWEST AFRICA,KASSERINE PASS,GER AFRIKA KORPS (-),FM ROMMEL,US 26TH RCT (-)(+),COL STARK,1943.137,8.7768,35.2405,1940440.358,4793652.131,662.3256,629,741,1247.940406,35.3262,829.25,659,1046,39314.9167,198.2799,4,4,0,0,0,1,1,0,0,1,0,0,7000,5303,1.320007543,1750,1325.75,1,0,0,0,0,54,24,30,0,46,13,0,13,0,30,0,10,1252,2220,0,0,2,200,527,0.3795,-0.9689,31000,1.5
605,WORLD WAR II,CASSINO,RAPIDO NORTH I,"US 141ST RCT (+), 36TH INF DIV",COL WYATT,"GER 1ST/129TH PGR, 15TH PGD",GEN RODT,1944.055,13.8304,41.5097,5066007.54,1225509.979,44,44,44,0,0,637,331,943,187272,432.7494,1,1,0,0,0,1,1,0,0,0,1,0,8000,2200,3.636363636,8000,2200,1,0,1,0,1,50,0,50,0,105,14,0,14,0,42,10,0,2220,1252,0,0,1,408,13,31.3846,3.4463,29000,0.7
606,WORLD WAR II,CASSINO,RAPIDO NORTH II,"US 141ST RCT (+), 36TH INF DIV",COL WYATT,"GER 1ST/129TH PGR, 15TH PGD",GEN RODT,1944.057,13.8268,41.5181,5065861.308,1224571.309,95.3333,61,158,2954.335574,54.3538,637,331,943,187272,432.7494,1,1,0,0,0,1,1,0,0,0,1,0,7600,2200,3.454545455,7600,2200,1,0,1,0,1,50,0,50,0,105,14,0,14,0,42,10,0,2220,1252,0,0,1,666,13,51.2308,3.9363,29000,1
607,WORLD WAR II,CASSINO,RAPIDO SOUTH I,"US 143RD RCT (+), 36TH INF DIV",COL MARTIN,"GER 3RD/104TH PGR, 15TH PGD",GEN RODT,1944.055,13.8284,41.4826,5065723.975,1228524.125,47,41,58,91.00015236,9.5394,237,101,373,36992,192.333,1,1,0,0,0,1,1,0,0,0,1,0,7700,1800,4.277777778,7700,1800,1,0,1,0,1,15,0,15,0,122,14,0,14,0,42,10,0,2220,1252,0,0,1,162,13,12.4615,2.5226,29000,0.5
608,WORLD WAR II,CASSINO,RAPIDO SOUTH II,"US 143RD RCT (+), 36TH INF DIV",COL MARTIN,"GER 3RD/104TH PGR, 15TH PGD",GEN RODT,1944.057,13.8254,41.4792,5065535.759,1228899.443,49.5,41,58,96.334225,9.815,237,101,373,36992,192.333,1,1,0,0,0,1,1,0,0,0,1,0,7538,1800,4.187777778,7538,1800,1,0,1,0,1,15,0,15,0,122,14,0,14,0,42,10,0,2220,1252,0,0,1,575,13,44.2308,3.7894,29000,0.8
609,WORLD WAR II,ANZIO,BOWLING ALLEY I,GER LXXVI PNZ CORPS (-),GEN MACKENSON,"US 2ND/157TH INF (+), 45TH ID",COL BROWN,1944.129,12.6839,41.5631,1220031.158,5002649.787,52.7,47,58,11.34477124,3.3682,1,1,1,0,0,2,2,0,0,0,0,0,1,0,1,0,0,14600,4500,3.244444444,7300,2250,1,0,0,2,1,40,0,40,100,100,37,0,37,267,70,0,10,1252,2220,0,0,4,1129,442,2.5543,0.9378,29000,0.1875
610,WORLD WAR II,ANZIO,BOWLING ALLEY II,GER LXXVI PNZ CORPS (-),GEN MACKENSON,"US 179TH INF (-)(+), 45TH ID",COL KAMMERER,1944.129,12.6652,41.5694,1219365.498,5001652.479,59.6667,52,68,30.66612129,5.5377,1,1,1,0,0,2.4,2.4,0,0,0,0,0,1,0,1,0,0,15736,5050,3.116039604,6556.666667,2104.166667,1,0,0,2,1,60,0,60,70,100,25,0,25,165,70,0,10,1252,2220,0,0,2,613,750,0.8173,-0.2017,30000,1
611,WORLD WAR II,ANZIO,BOWLING ALLEY III,GER LXXVI PNZ CORPS (-),GEN MACKENSON,"US 180TH INF (-)(+), 45TH ID",COL DULANEY,1944.129,12.6779,41.5663,1219686.348,5002337.58,55.4706,47,68,34.62027921,5.8839,1,1,1,0,0,2.6,2.6,0,0,0,0,0,1,0,1,0,0,10000,4625,2.162162162,3846.153846,1778.846154,1,0,0,2,1,20,0,20,100,100,7,0,7,267,70,0,10,1252,2220,0,0,4,439,199,2.206,0.7912,28000,0.05
614,WORLD WAR II,SIEGFRIED LINE,SCHMIDT I,"US 112TH INF (+), 28TH ID",COL PETERSON,GER LXXIV CORPS (-),GEN STRAUBE,1944.838,6.3932,50.6449,4824380.287,442990.3616,401.3571,315,483,2574.557748,50.7401,427,427,427,0,0,1.7,1.7,0,1,0,1,1,1,0,1,0,0,6200,5025,1.233830846,3647.058824,2955.882353,1,0,1,0,1,44,0,44,72,71,60,0,60,0,38,10,0,2220,1252,0,0,4,640,850,0.7529,-0.2838,29000,0.2125
615,WORLD WAR II,SIEGFRIED LINE,SCHMIDT II,"US 110TH INF (+), 28TH ID",COL SEELY,GER LXXIV CORPS (-),GEN STRAUBE,1944.838,6.3715,50.6721,4824039.716,442643.8658,378.4667,344,477,1598.120552,39.9765,337,247,427,16200,127.2792,2,2,0,1,0,1,1,1,0,1,0,0,4350,3450,1.260869565,2175,1725,1,0,1,0,1,0,0,0,0,53,0,0,0,0,38,10,0,2220,1252,0,0,2,163,100,1.63,0.4886,28000,0.075
616,WORLD WAR II,SIEGFRIED LINE,SCHMIDT III,"US 109TH INF (+), 28TH ID",COL STRICKLER,GER LXXIV CORPS (-),GEN STRAUBE,1944.838,6.3722,50.666,4823892.715,442924.7902,337,247,427,16199.99475,127.2792,337,247,427,16200,127.2792,1.2,1.2,0,1,0,1,1,1,0,1,0,0,4950,3700,1.337837838,4125,3083.333333,1,0,1,0,1,0,0,0,12,53,6,0,6,0,38,10,0,2220,1252,0,0,3,350,200,1.75,0.5596,29000,0.1667
617,WORLD WAR II,SIEGFRIED LINE,WAHLERSCHEID,"US 9TH INF(+), 2ND ID",COL HIRSCHFELDER,GER LXXIV CORPS (-),?,1944.951,6.3213,50.5014,4816218.492,454200.0206,626,619,629,22.667121,4.761,543.5,506,581,2812.5,53.033,1,1,0,1,0,1,1,0,0,1,0,0,8300,1400,5.928571429,8300,1400,1,0,0,0,1,28,0,28,0,124,0,0,0,0,12,10,0,2220,1252,0,0,4,370,250,1.48,0.392,29000,0.275
618,WORLD WAR II,ARDENNES,KRINKELT-ROCHERATH I,GER 12TH SS PNZDIV (-)(+),COL KRAAS,"US 3RD/23RD INF, 2ND ID",COL TUTTLE,1944.962,6.2944,50.4305,459441.038,4812664.243,611.7879,581,640,258.4860063,16.0775,581,581,581,0,0,2.5,2.5,0,0.38323279,0,1,1,0,0,0,1,0,3300,1357,2.43183493,1320,542.8,1,0,0,0,0,11,0,11,0,36,5,0,5,0,12,0,10,1252,2220,0,0,1,100,400,0.25,-1.3863,33000,5
619,WORLD WAR II,ARDENNES,KRINKELT-ROCHERATH II,GER 12TH SS PNZDIV (-)(+),COL KRAAS,"US 38TH INF (-)(+), 2ND ID",COL BOOS,1944.962,6.2975,50.4351,459033.4586,4812967.184,619.7647,593,640,184.7315906,13.5916,581,581,581,0,0,3,3,0,0.62721385,0,1,1,0,0,0,1,0,9100,6600,1.378787879,3033.333333,2200,1,0,0,0,0,121,0,121,0,99,33,0,33,0,52,0,10,1252,2220,0,0,3,900,720,1.25,0.2231,29000,0.1
620,WORLD WAR II,ARDENNES,SCHNEE EIFEL CENTER,"GER 293RD VGRGT, 18TH VGD",COL HOFFMAN-SCHONBORN,"US 423RD INF, 106TH ID",COL CAVENDER,1944.959,6.0463,50.2942,479064.632,4795319.75,550.5,521,573,467.000744,21.6102,489,489,489,0,0,1,1,0,0,0,0,1,0,0,0,1,0,4100,3900,1.051282051,4100,3900,1,0,0,3,1,10,0,10,0,68,0,0,0,0,18,0,10,1252,2220,0,0,4,200,3700,0.0541,-2.9178,29000,0.25
621,WORLD WAR II,ARDENNES,SCHNEE EIFEL SOUTH,GER 62ND VGDIV (+),GEN KITTEL,"US 424TH INF (+), 106TH ID",COL REID,1944.959,6.0564,50.2883,478923.1863,4795688.138,510.9189,409,587,1514.72748,38.9195,485,446,513,790,28.1069,9,9,0,0.213593462,0,0,1,0,0,0,1,0,11000,4300,2.558139535,1222.222222,477.7777778,1,0,0,3,1,26,0,26,0,66,0,0,0,0,59,0,10,1252,2220,0,0,1,200,300,0.6667,-0.4055,30000,2
622,WORLD WAR II,ARDENNES,SCHNEE EIFEL NORTH I,GER 18TH VGDIV (-)(+),COL HOFFMAN-SCHONBORN,US 14TH CAV GRP (+),COL DEVINE,1944.959,6.0231,50.3104,479244.1762,4794552.138,509.2955,401,581,2447.538151,49.4726,491.75,465,513,414.25,20.3531,6,6,0,0.68013912,0,0,1,0,0,0,1,0,14300,2050,6.975609756,2383.333333,341.6666667,1,0,1,3,0,50,0,50,0,160,34,34,0,0,46,0,10,1252,2220,0,0,1,50,127,0.3937,-0.9322,32000,4
623,WORLD WAR II,ARDENNES,SCHNEE EIFEL NORTH II,GER 18TH VGDIV (-)(+),COL HOFFMAN-SCHONBORN,"US 422ND INF, (-)(+), 106TH ID",COL DESCHENNEUX,1944.959,6.0402,50.3137,478238.6519,4795567.246,500.5,483,518,612.4981517,24.7487,489,489,489,0,0,1,1,0,1,0,0,1,0,0,0,1,0,12800,4150,3.084337349,12800,4150,0,1,0,3,1,120,0,120,0,120,0,0,0,0,38,0,10,1252,2220,0,0,4,200,3535,0.0566,-2.8722,30000,0.375
624,WORLD WAR II,ARDENNES,OUR RIVER CENTER,GER XLVII PNZ CORPS,GEN LUETTWITZ,"US 11OTH INF (-)(+), 28TH ID",COL FULLER,1944.959,6.1296,50.1128,485921.9053,4794492.031,461.866,326,522,1976.042537,44.4527,466.7143,419,491,759.9048,27.5664,12,12,0,0.005820602,0,0,1,0,0,1,0,0,43800,5340,8.202247191,3650,445,1,0,0,3,0,212,0,212,0,325,73,18,57,0,30,0,10,1252,2220,0,0,3,900,3300,0.2727,-1.2993,32000,1.0833
625,WORLD WAR II,ARDENNES,OUR RIVER NORTH,GER LVIII PNZ CORPS,GEN KRUEGER,"US 112TH INF (+), 28TH ID",COL NELSON,1944.959,6.2498,50.2704,470803.5106,4805544.857,494.4583,442,535,843.5655536,29.0442,552,523,581,1682,41.0122,4,4,0,0.13356522,0,0,1,0,0,1,0,0,16000,5740,2.787456446,4000,1435,1,0,0,3,0,78,0,78,0,248,4,0,4,0,59,0,10,1252,2220,0,0,2,770,700,1.1,0.0953,30000,1
637,WORLD WAR II,TARGUL FRUMOS,TARGUL FRUMOS,USSR ARMY,?,GER DIV,?,1944.332,27.0188,47.2182,1117715.237,959728.8598,167.7953,70,332,4447.729496,66.6913,147.8462,105,246,1610.8077,40.1349,19,NA,0,0,0,1,1,1,1,0,0,0,35170,13725,2.562477231,1851.052632,722.3684211,1,0,0,0,0,410,NA,NA,NA,NA,160,NA,NA,60,NA,0,0,1951,1252,0,0,1,NA,NA,NA,NA,NA,NA
644,WORLD WAR II,TARTO-TIBER,TARTO-TIBER,BRIT CORP,?,GER DIV,?,1944.337,12.3964,41.8022,1285797.687,1194083.883,24.2809,4,67,273.5914484,16.5406,1.5,1,2,0.5,0.7071,7,NA,0,0,0,0,1,1,0,1,0,0,38011,10855,3.501704284,5430.142857,1550.714286,1,0,0,0,1,71,NA,NA,3,200,0,NA,NA,NA,125,10,0,1072,1252,0,0,2,572,850,0.6729,-0.3961,33000,2.4
657,WORLD WAR II,ARDENNES,ARDENNES,GER ARMY GRP,?,FR ARMY,?,1940.356,5.2995,49.5735,558094.4713,182897.9058,283.9185,74,570,9681.241485,98.3933,281.6132,100,500,8259.9156,90.8841,96,NA,0,0.18742873,1,1,1,1,1,0,0,0,NA,NA,NA,NA,NA,0,0,0,3,0,2439,NA,NA,NA,NA,2160,NA,NA,NA,NA,0,10,1252,1396,0,0,12,NA,NA,NA,NA,NA,NA
658,WORLD WAR II,CAMBRAI,CAMBRAI,GER DIV,?,FR DIV,?,1940.364,3.1955,50.1573,626611.0825,151475.5935,57.6,49,74,86.11468804,9.2798,92,92,92,0,0,1.8,NA,0,0,0,1,1,1,0,0,1,0,17000,12143,1.39998353,9444.444444,6746.111111,1,0,0,1,0,218,NA,NA,NA,NA,238,NA,NA,NA,NA,0,10,1252,1396,0,0,5,NA,NA,NA,NA,76000,9.6
659,WORLD WAR II,ARRAS,ARRAS,BRIT RGT,?,GER RGT,?,1940.386,2.8126,50.2975,211997.3016,639836.1459,73.2581,53,96,125.7582816,11.2142,72.5,49,96,1104.5,33.234,5,NA,0,0,0,0,1,1,0,0,0,1,11821,18000,0.656722222,2364.2,3600,0,1,0,0,0,88,NA,NA,0,8,218,NA,NA,NA,NA,10,0,1072,1252,0,0,2,NA,410,NA,NA,NA,NA
660,WORLD WAR II,BOOS,BOOS,FR CO,?,GER CO,?,1940.416,1.1985,49.385,85539.75251,764211.7314,150,150,150,0,0,125,125,125,0,0,0.82,NA,0,0,0,1,1,1,0,0,0,1,189,189,1,230.4878049,230.4878049,1,0,0,0,0,14,NA,NA,0,0,10,NA,NA,NA,NA,10,0,1396,1252,0,0,1,NA,NA,NA,NA,28000,0